acceptanceDateTime,accessionNumber,mailing_street1,phone
"2024-11-12 11:39:40",0001085146-24-005526,"4500 MAIN STREET",816-531-5575
"2024-11-12 11:39:40",0000052388-24-000273,"4500 MAIN STREET",816-531-5575
"2024-11-12 11:39:40",0000052388-24-000271,"4500 MAIN STREET",816-531-5575
"2024-11-12 11:39:40",0000052388-24-000269,"4500 MAIN STREET",816-531-5575
"2024-11-12 11:39:40",0000052388-24-000267,"4500 MAIN STREET",816-531-5575
"2024-11-12 11:39:40",0000052388-24-000265,"4500 MAIN STREET",816-531-5575
"2024-11-12 11:39:40",0000052388-24-000263,"4500 MAIN STREET",816-531-5575
"2024-11-12 11:39:40",0000052388-24-000261,"4500 MAIN STREET",816-531-5575
"2024-11-12 11:39:40",0000052388-24-000259,"4500 MAIN STREET",816-531-5575
"2024-11-12 11:39:40",0000052388-24-000257,"4500 MAIN STREET",816-531-5575
"2024-11-12 11:39:40",0000052388-24-000255,"4500 MAIN STREET",816-531-5575
"2024-11-12 11:39:40",0000052388-24-000253,"4500 MAIN STREET",816-531-5575
"2024-11-12 11:39:40",0000052388-24-000251,"4500 MAIN STREET",816-531-5575
"2024-11-12 11:39:40",0000052388-24-000249,"4500 MAIN STREET",816-531-5575
"2024-11-12 11:39:40",0000052388-24-000247,"4500 MAIN STREET",816-531-5575
"2024-11-12 11:39:40",0000052388-24-000245,"4500 MAIN STREET",816-531-5575
"2024-11-12 11:39:40",0000052388-24-000243,"4500 MAIN STREET",816-531-5575
"2024-11-12 11:39:40",0000052388-24-000241,"4500 MAIN STREET",816-531-5575
"2024-11-12 11:39:40",0000052388-24-000239,"4500 MAIN STREET",816-531-5575
"2024-11-12 11:39:40",0000052388-24-000237,"4500 MAIN STREET",816-531-5575
"2024-11-12 11:39:40",0000052388-24-000235,"4500 MAIN STREET",816-531-5575
"2024-11-12 11:39:40",0000052388-24-000233,"4500 MAIN STREET",816-531-5575
"2024-11-12 11:39:40",0000052388-24-000231,"4500 MAIN STREET",816-531-5575
"2024-11-12 11:39:40",0000052388-24-000229,"4500 MAIN STREET",816-531-5575
"2024-11-12 11:39:40",0000052388-24-000227,"4500 MAIN STREET",816-531-5575
"2024-11-12 11:39:40",0000052388-24-000225,"4500 MAIN STREET",816-531-5575
"2024-11-12 11:39:40",0000052388-24-000223,"4500 MAIN STREET",816-531-5575
"2024-11-12 11:39:40",0000052388-24-000221,"4500 MAIN STREET",816-531-5575
"2024-11-12 11:39:40",0000052388-24-000219,"4500 MAIN STREET",816-531-5575
"2024-11-12 11:39:40",0000052388-24-000217,"4500 MAIN STREET",816-531-5575
"2024-11-12 11:39:40",0000052388-24-000215,"4500 MAIN STREET",816-531-5575
"2024-11-12 11:39:40",0000052388-24-000213,"4500 MAIN STREET",816-531-5575
"2024-11-12 11:39:40",0000052388-24-000211,"4500 MAIN STREET",816-531-5575
"2024-11-12 11:39:40",0000052388-24-000209,"4500 MAIN STREET",816-531-5575
"2024-11-12 11:39:40",0000052388-24-000207,"4500 MAIN STREET",816-531-5575
"2024-11-12 11:39:40",0000052388-24-000205,"4500 MAIN STREET",816-531-5575
"2024-11-12 11:39:40",0000052388-24-000203,"4500 MAIN STREET",816-531-5575
"2024-11-12 11:39:40",0000052388-24-000201,"4500 MAIN STREET",816-531-5575
"2024-11-12 11:39:40",0000052388-24-000148,"4500 MAIN STREET",816-531-5575
"2024-11-12 11:39:40",0001085146-24-003539,"4500 MAIN STREET",816-531-5575
"2024-11-12 11:39:40",0000052388-24-000144,"4500 MAIN STREET",816-531-5575
"2024-11-12 11:39:40",0000052388-24-000139,"4500 MAIN STREET",816-531-5575
"2024-11-12 11:39:40",0001085146-24-002454,"4500 MAIN STREET",816-531-5575
"2024-11-12 11:39:40",0001085146-24-001135,"4500 MAIN STREET",816-531-5575
"2024-11-12 11:39:40",0000052388-24-000133,"4500 MAIN STREET",816-531-5575
"2024-11-12 11:39:40",0000052388-24-000131,"4500 MAIN STREET",816-531-5575
"2024-11-12 11:39:40",0000052388-24-000129,"4500 MAIN STREET",816-531-5575
"2024-11-12 11:39:40",0000052388-24-000127,"4500 MAIN STREET",816-531-5575
"2024-11-12 11:39:40",0000052388-24-000125,"4500 MAIN STREET",816-531-5575
"2024-11-12 11:39:40",0000052388-24-000123,"4500 MAIN STREET",816-531-5575
"2024-11-12 11:39:40",0000052388-24-000121,"4500 MAIN STREET",816-531-5575
"2024-11-12 11:39:40",0000052388-24-000119,"4500 MAIN STREET",816-531-5575
"2024-11-12 11:39:40",0000052388-24-000117,"4500 MAIN STREET",816-531-5575
"2024-11-12 11:39:40",0000052388-24-000115,"4500 MAIN STREET",816-531-5575
"2024-11-12 11:39:40",0000052388-24-000113,"4500 MAIN STREET",816-531-5575
"2024-11-12 11:39:40",0000052388-24-000111,"4500 MAIN STREET",816-531-5575
"2024-11-12 11:39:40",0000052388-24-000109,"4500 MAIN STREET",816-531-5575
"2024-11-12 11:39:40",0000052388-24-000107,"4500 MAIN STREET",816-531-5575
"2024-11-12 11:39:40",0000052388-24-000105,"4500 MAIN STREET",816-531-5575
"2024-11-12 11:39:40",0000052388-24-000103,"4500 MAIN STREET",816-531-5575
"2024-11-12 11:39:40",0000052388-24-000101,"4500 MAIN STREET",816-531-5575
"2024-11-12 11:39:40",0000052388-24-000099,"4500 MAIN STREET",816-531-5575
"2024-11-12 11:39:40",0000052388-24-000097,"4500 MAIN STREET",816-531-5575
"2024-11-12 11:39:40",0000052388-24-000095,"4500 MAIN STREET",816-531-5575
"2024-11-12 11:39:40",0000052388-24-000093,"4500 MAIN STREET",816-531-5575
"2024-11-12 11:39:40",0000052388-24-000091,"4500 MAIN STREET",816-531-5575
"2024-11-12 11:39:40",0000052388-24-000089,"4500 MAIN STREET",816-531-5575
"2024-11-12 11:39:40",0000052388-24-000087,"4500 MAIN STREET",816-531-5575
"2024-11-12 11:39:40",0000052388-24-000085,"4500 MAIN STREET",816-531-5575
"2024-11-12 11:39:40",0000052388-24-000083,"4500 MAIN STREET",816-531-5575
"2024-11-12 11:39:40",0000052388-24-000081,"4500 MAIN STREET",816-531-5575
"2024-11-12 11:39:40",0000052388-24-000079,"4500 MAIN STREET",816-531-5575
"2024-11-12 11:39:40",0000052388-24-000077,"4500 MAIN STREET",816-531-5575
"2024-11-12 11:39:40",0000052388-24-000075,"4500 MAIN STREET",816-531-5575
"2024-11-12 11:39:40",0000052388-24-000073,"4500 MAIN STREET",816-531-5575
"2024-11-12 11:39:40",0000052388-24-000071,"4500 MAIN STREET",816-531-5575
"2024-11-12 11:39:40",0000052388-24-000069,"4500 MAIN STREET",816-531-5575
"2024-11-12 11:39:40",0000052388-24-000067,"4500 MAIN STREET",816-531-5575
"2024-11-12 11:39:40",0000052388-24-000065,"4500 MAIN STREET",816-531-5575
"2024-11-12 11:39:40",0000052388-24-000063,"4500 MAIN STREET",816-531-5575
"2024-11-12 11:39:40",0000052388-24-000061,"4500 MAIN STREET",816-531-5575
"2024-11-12 11:39:40",0000052388-24-000059,"4500 MAIN STREET",816-531-5575
"2024-11-12 11:39:40",0000052388-24-000057,"4500 MAIN STREET",816-531-5575
"2024-11-12 11:39:40",0000052388-24-000009,"4500 MAIN STREET",816-531-5575
"2024-11-12 11:39:40",0000052388-23-000158,"4500 MAIN STREET",816-531-5575
"2024-11-12 11:39:40",0001085146-23-004253,"4500 MAIN STREET",816-531-5575
"2024-11-12 11:39:40",0001085146-23-003375,"4500 MAIN STREET",816-531-5575
"2024-11-12 11:39:40",0001085146-23-002225,"4500 MAIN STREET",816-531-5575
"2024-11-12 11:39:40",0000052388-23-000152,"4500 MAIN STREET",816-531-5575
"2024-11-12 11:39:40",0000052388-23-000148,"4500 MAIN STREET",816-531-5575
"2024-11-12 11:39:40",0001085146-23-001065,"4500 MAIN STREET",816-531-5575
"2024-11-12 11:39:40",0000052388-23-000145,"4500 MAIN STREET",816-531-5575
"2024-11-12 11:39:40",0000052388-23-000143,"4500 MAIN STREET",816-531-5575
"2024-11-12 11:39:40",0000052388-23-000141,"4500 MAIN STREET",816-531-5575
"2024-11-12 11:39:40",0000052388-23-000139,"4500 MAIN STREET",816-531-5575
"2024-11-12 11:39:40",0000052388-23-000137,"4500 MAIN STREET",816-531-5575
"2024-11-12 11:39:40",0000052388-23-000135,"4500 MAIN STREET",816-531-5575
"2024-11-12 11:39:40",0000052388-23-000133,"4500 MAIN STREET",816-531-5575
"2024-11-12 11:39:40",0000052388-23-000131,"4500 MAIN STREET",816-531-5575
"2024-11-12 11:39:40",0000052388-23-000129,"4500 MAIN STREET",816-531-5575
"2024-11-12 11:39:40",0000052388-23-000127,"4500 MAIN STREET",816-531-5575
"2024-11-12 11:39:40",0000052388-23-000125,"4500 MAIN STREET",816-531-5575
"2024-11-12 11:39:40",0000052388-23-000123,"4500 MAIN STREET",816-531-5575
"2024-11-12 11:39:40",0000052388-23-000121,"4500 MAIN STREET",816-531-5575
"2024-11-12 11:39:40",0000052388-23-000119,"4500 MAIN STREET",816-531-5575
"2024-11-12 11:39:40",0000052388-23-000117,"4500 MAIN STREET",816-531-5575
"2024-11-12 11:39:40",0000052388-23-000114,"4500 MAIN STREET",816-531-5575
"2024-11-12 11:39:40",0000052388-23-000112,"4500 MAIN STREET",816-531-5575
"2024-11-12 11:39:40",0000052388-23-000110,"4500 MAIN STREET",816-531-5575
"2024-11-12 11:39:40",0000052388-23-000108,"4500 MAIN STREET",816-531-5575
"2024-11-12 11:39:40",0000052388-23-000106,"4500 MAIN STREET",816-531-5575
"2024-11-12 11:39:40",0000052388-23-000104,"4500 MAIN STREET",816-531-5575
"2024-11-12 11:39:40",0000052388-23-000102,"4500 MAIN STREET",816-531-5575
"2024-11-12 11:39:40",0000052388-23-000100,"4500 MAIN STREET",816-531-5575
"2024-11-12 11:39:40",0000052388-23-000098,"4500 MAIN STREET",816-531-5575
"2024-11-12 11:39:40",0000052388-23-000096,"4500 MAIN STREET",816-531-5575
"2024-11-12 11:39:40",0000052388-23-000094,"4500 MAIN STREET",816-531-5575
"2024-11-12 11:39:40",0000052388-23-000092,"4500 MAIN STREET",816-531-5575
"2024-11-12 11:39:40",0000052388-23-000090,"4500 MAIN STREET",816-531-5575
"2024-11-12 11:39:40",0000052388-23-000088,"4500 MAIN STREET",816-531-5575
"2024-11-12 11:39:40",0000052388-23-000086,"4500 MAIN STREET",816-531-5575
"2024-11-12 11:39:40",0000052388-23-000084,"4500 MAIN STREET",816-531-5575
"2024-11-12 11:39:40",0000052388-23-000082,"4500 MAIN STREET",816-531-5575
"2024-11-12 11:39:40",0000052388-23-000080,"4500 MAIN STREET",816-531-5575
"2024-11-12 11:39:40",0000052388-23-000077,"4500 MAIN STREET",816-531-5575
"2024-11-12 11:39:40",0000052388-23-000075,"4500 MAIN STREET",816-531-5575
"2024-11-12 11:39:40",0000052388-23-000073,"4500 MAIN STREET",816-531-5575
"2024-11-12 11:39:40",0000052388-23-000071,"4500 MAIN STREET",816-531-5575
"2024-11-12 11:39:40",0000052388-23-000069,"4500 MAIN STREET",816-531-5575
"2024-11-12 11:39:40",0000052388-23-000067,"4500 MAIN STREET",816-531-5575
"2024-11-12 11:39:40",0000052388-23-000065,"4500 MAIN STREET",816-531-5575
"2024-11-12 11:39:40",0000052388-23-000063,"4500 MAIN STREET",816-531-5575
"2024-11-12 11:39:40",0000052388-23-000061,"4500 MAIN STREET",816-531-5575
"2024-11-12 11:39:40",0000052388-23-000059,"4500 MAIN STREET",816-531-5575
"2024-11-12 11:39:40",0000052388-23-000057,"4500 MAIN STREET",816-531-5575
"2024-11-12 11:39:40",0000052388-23-000009,"4500 MAIN STREET",816-531-5575
"2024-11-12 11:39:40",0000052388-23-000005,"4500 MAIN STREET",816-531-5575
"2024-11-12 11:39:40",0000052388-22-000153,"4500 MAIN STREET",816-531-5575
"2024-11-12 11:39:40",0001085146-22-004018,"4500 MAIN STREET",816-531-5575
"2024-11-12 11:39:40",0001085146-22-003005,"4500 MAIN STREET",816-531-5575
"2024-11-12 11:39:40",0000052388-22-000146,"4500 MAIN STREET",816-531-5575
"2024-11-12 11:39:40",0001085146-22-001409,"4500 MAIN STREET",816-531-5575
"2024-11-12 11:39:40",0000052388-22-000141,"4500 MAIN STREET",816-531-5575
"2024-11-12 11:39:40",0001085146-22-000572,"4500 MAIN STREET",816-531-5575
"2024-11-12 11:39:40",0000052388-22-000138,"4500 MAIN STREET",816-531-5575
"2024-11-12 11:39:40",0000052388-22-000136,"4500 MAIN STREET",816-531-5575
"2024-11-12 11:39:40",0000052388-22-000134,"4500 MAIN STREET",816-531-5575
"2024-11-12 11:39:40",0000052388-22-000132,"4500 MAIN STREET",816-531-5575
"2024-11-12 11:39:40",0000052388-22-000130,"4500 MAIN STREET",816-531-5575
"2024-11-12 11:39:40",0000052388-22-000128,"4500 MAIN STREET",816-531-5575
"2024-11-12 11:39:40",0000052388-22-000126,"4500 MAIN STREET",816-531-5575
"2024-11-12 11:39:40",0000052388-22-000124,"4500 MAIN STREET",816-531-5575
"2024-11-12 11:39:40",0000052388-22-000122,"4500 MAIN STREET",816-531-5575
"2024-11-12 11:39:40",0000052388-22-000120,"4500 MAIN STREET",816-531-5575
"2024-11-12 11:39:40",0000052388-22-000118,"4500 MAIN STREET",816-531-5575
"2024-11-12 11:39:40",0000052388-22-000116,"4500 MAIN STREET",816-531-5575
"2024-11-12 11:39:40",0000052388-22-000114,"4500 MAIN STREET",816-531-5575
"2024-11-12 11:39:40",0000052388-22-000112,"4500 MAIN STREET",816-531-5575
"2024-11-12 11:39:40",0000052388-22-000109,"4500 MAIN STREET",816-531-5575
"2024-11-12 11:39:40",0000052388-22-000107,"4500 MAIN STREET",816-531-5575
"2024-11-12 11:39:40",0000052388-22-000105,"4500 MAIN STREET",816-531-5575
"2024-11-12 11:39:40",0000052388-22-000103,"4500 MAIN STREET",816-531-5575
"2024-11-12 11:39:40",0000052388-22-000101,"4500 MAIN STREET",816-531-5575
"2024-11-12 11:39:40",0000052388-22-000099,"4500 MAIN STREET",816-531-5575
"2024-11-12 11:39:40",0000052388-22-000097,"4500 MAIN STREET",816-531-5575
"2024-11-12 11:39:40",0000052388-22-000095,"4500 MAIN STREET",816-531-5575
"2024-11-12 11:39:40",0000052388-22-000093,"4500 MAIN STREET",816-531-5575
"2024-11-12 11:39:40",0000052388-22-000091,"4500 MAIN STREET",816-531-5575
"2024-11-12 11:39:40",0000052388-22-000089,"4500 MAIN STREET",816-531-5575
"2024-11-12 11:39:40",0000052388-22-000087,"4500 MAIN STREET",816-531-5575
"2024-11-12 11:39:40",0000052388-22-000085,"4500 MAIN STREET",816-531-5575
"2024-11-12 11:39:40",0000052388-22-000083,"4500 MAIN STREET",816-531-5575
"2024-11-12 11:39:40",0000052388-22-000081,"4500 MAIN STREET",816-531-5575
"2024-11-12 11:39:40",0000052388-22-000079,"4500 MAIN STREET",816-531-5575
"2024-11-12 11:39:40",0000052388-22-000077,"4500 MAIN STREET",816-531-5575
"2024-11-12 11:39:40",0000052388-22-000075,"4500 MAIN STREET",816-531-5575
"2024-11-12 11:39:40",0000052388-22-000073,"4500 MAIN STREET",816-531-5575
"2024-11-12 11:39:40",0000052388-22-000071,"4500 MAIN STREET",816-531-5575
"2024-11-12 11:39:40",0000052388-22-000069,"4500 MAIN STREET",816-531-5575
"2024-11-12 11:39:40",0000052388-22-000067,"4500 MAIN STREET",816-531-5575
"2024-11-12 11:39:40",0000052388-22-000065,"4500 MAIN STREET",816-531-5575
"2024-11-12 11:39:40",0000052388-22-000063,"4500 MAIN STREET",816-531-5575
"2024-11-12 11:39:40",0000052388-22-000061,"4500 MAIN STREET",816-531-5575
"2024-11-12 11:39:40",0000052388-22-000059,"4500 MAIN STREET",816-531-5575
"2024-11-12 11:39:40",0000052388-22-000057,"4500 MAIN STREET",816-531-5575
"2024-11-12 11:39:40",0001085146-21-003100,"4500 MAIN STREET",816-531-5575
"2024-11-12 11:39:40",0000052388-21-000124,"4500 MAIN STREET",816-531-5575
"2024-11-12 11:39:40",0000052388-21-000115,"4500 MAIN STREET",816-531-5575
"2024-11-12 11:39:40",0000052388-21-000111,"4500 MAIN STREET",816-531-5575
"2024-11-12 11:39:40",0000052388-21-000108,"4500 MAIN STREET",816-531-5575
"2024-11-12 11:39:40",0000052388-21-000107,"4500 MAIN STREET",816-531-5575
"2024-11-12 11:39:40",0000052388-21-000105,"4500 MAIN STREET",816-531-5575
"2024-11-12 11:39:40",0000052388-21-000103,"4500 MAIN STREET",816-531-5575
"2024-11-12 11:39:40",0000052388-21-000101,"4500 MAIN STREET",816-531-5575
"2024-11-12 11:39:40",0000052388-21-000099,"4500 MAIN STREET",816-531-5575
"2024-11-12 11:39:40",0000052388-21-000097,"4500 MAIN STREET",816-531-5575
"2024-11-12 11:39:40",0000052388-21-000095,"4500 MAIN STREET",816-531-5575
"2024-11-12 11:39:40",0000052388-21-000093,"4500 MAIN STREET",816-531-5575
"2024-11-12 11:39:40",0000052388-21-000091,"4500 MAIN STREET",816-531-5575
"2024-11-12 11:39:40",0000052388-21-000089,"4500 MAIN STREET",816-531-5575
"2024-11-12 11:39:40",0000052388-21-000087,"4500 MAIN STREET",816-531-5575
"2024-11-12 11:39:40",0000052388-21-000085,"4500 MAIN STREET",816-531-5575
"2024-11-12 11:39:40",0000052388-21-000083,"4500 MAIN STREET",816-531-5575
"2024-11-12 11:39:40",0000052388-21-000081,"4500 MAIN STREET",816-531-5575
"2024-11-12 11:39:40",0000052388-21-000079,"4500 MAIN STREET",816-531-5575
"2024-11-12 11:39:40",0000052388-21-000077,"4500 MAIN STREET",816-531-5575
"2024-11-12 11:39:40",0000052388-21-000075,"4500 MAIN STREET",816-531-5575
"2024-11-12 11:39:40",0000052388-21-000073,"4500 MAIN STREET",816-531-5575
"2024-11-12 11:39:40",0000052388-21-000071,"4500 MAIN STREET",816-531-5575
"2024-11-12 11:39:40",0000052388-21-000069,"4500 MAIN STREET",816-531-5575
"2024-11-12 11:39:40",0000052388-21-000067,"4500 MAIN STREET",816-531-5575
"2024-11-12 11:39:40",0000052388-21-000065,"4500 MAIN STREET",816-531-5575
"2024-11-12 11:39:40",0000052388-21-000063,"4500 MAIN STREET",816-531-5575
"2024-11-12 11:39:40",0000052388-21-000061,"4500 MAIN STREET",816-531-5575
"2024-11-12 11:39:40",0000052388-21-000059,"4500 MAIN STREET",816-531-5575
"2024-11-12 11:39:40",0000052388-21-000057,"4500 MAIN STREET",816-531-5575
"2024-11-12 11:39:40",0000052388-21-000055,"4500 MAIN STREET",816-531-5575
"2024-11-12 11:39:40",0000052388-21-000053,"4500 MAIN STREET",816-531-5575
"2024-11-12 11:39:40",0000052388-21-000051,"4500 MAIN STREET",816-531-5575
"2024-11-12 11:39:40",0000052388-21-000049,"4500 MAIN STREET",816-531-5575
"2024-11-12 11:39:40",0000052388-21-000047,"4500 MAIN STREET",816-531-5575
"2024-11-12 11:39:40",0000052388-21-000045,"4500 MAIN STREET",816-531-5575
"2024-11-12 11:39:40",0000052388-21-000043,"4500 MAIN STREET",816-531-5575
"2024-11-12 11:39:40",0000052388-20-000106,"4500 MAIN STREET",816-531-5575
"2024-11-12 11:39:40",0000052388-20-000104,"4500 MAIN STREET",816-531-5575
"2024-11-12 11:39:40",0000052388-20-000100,"4500 MAIN STREET",816-531-5575
"2024-11-12 11:39:40",0000052388-20-000098,"4500 MAIN STREET",816-531-5575
"2024-11-12 11:39:40",0000052388-20-000094,"4500 MAIN STREET",816-531-5575
"2024-11-12 11:39:40",0000052388-20-000090,"4500 MAIN STREET",816-531-5575
"2024-11-12 11:39:40",0000908186-20-000133,"4500 MAIN STREET",816-531-5575
"2024-11-12 11:39:40",0000748054-20-000009,"4500 MAIN STREET",816-531-5575
"2024-11-12 11:39:40",0000052388-20-000083,"4500 MAIN STREET",816-531-5575
"2024-11-12 11:39:40",0000052388-20-000081,"4500 MAIN STREET",816-531-5575
"2024-11-12 11:39:40",0000052388-20-000073,"4500 MAIN STREET",816-531-5575
"2024-11-12 11:39:40",0001710607-20-000073,"4500 MAIN STREET",816-531-5575
"2024-11-12 11:39:40",0000052388-20-000069,"4500 MAIN STREET",816-531-5575
"2024-11-12 11:39:40",0000052388-20-000067,"4500 MAIN STREET",816-531-5575
"2024-11-12 11:39:40",0000052388-20-000065,"4500 MAIN STREET",816-531-5575
"2024-11-12 11:39:40",0000052388-20-000063,"4500 MAIN STREET",816-531-5575
"2024-11-12 11:39:40",0000052388-20-000061,"4500 MAIN STREET",816-531-5575
"2024-11-12 11:39:40",0000052388-20-000059,"4500 MAIN STREET",816-531-5575
"2024-11-12 11:39:40",0000052388-20-000057,"4500 MAIN STREET",816-531-5575
"2024-11-12 11:39:40",0000052388-20-000055,"4500 MAIN STREET",816-531-5575
"2024-11-12 11:39:40",0000052388-20-000053,"4500 MAIN STREET",816-531-5575
"2024-11-12 11:39:40",0000052388-20-000051,"4500 MAIN STREET",816-531-5575
"2024-11-12 11:39:40",0000052388-20-000049,"4500 MAIN STREET",816-531-5575
"2024-11-12 11:39:40",0000052388-20-000047,"4500 MAIN STREET",816-531-5575
"2024-11-12 11:39:40",0000052388-20-000045,"4500 MAIN STREET",816-531-5575
"2024-11-12 11:39:40",0000052388-20-000042,"4500 MAIN STREET",816-531-5575
"2024-11-12 11:39:40",0000052388-20-000040,"4500 MAIN STREET",816-531-5575
"2024-11-12 11:39:40",0000052388-20-000038,"4500 MAIN STREET",816-531-5575
"2024-11-12 11:39:40",0000052388-20-000036,"4500 MAIN STREET",816-531-5575
"2024-11-12 11:39:40",0000052388-20-000034,"4500 MAIN STREET",816-531-5575
"2024-11-12 11:39:40",0000052388-20-000032,"4500 MAIN STREET",816-531-5575
"2024-11-12 11:39:40",0000052388-20-000030,"4500 MAIN STREET",816-531-5575
"2024-11-12 11:39:40",0000052388-20-000028,"4500 MAIN STREET",816-531-5575
"2024-11-12 11:39:40",0000052388-20-000026,"4500 MAIN STREET",816-531-5575
"2024-11-12 11:39:40",0000052388-20-000024,"4500 MAIN STREET",816-531-5575
"2024-11-12 11:39:40",0000052388-20-000022,"4500 MAIN STREET",816-531-5575
"2024-11-12 11:39:40",0000052388-20-000020,"4500 MAIN STREET",816-531-5575
"2024-11-12 11:39:40",0000052388-20-000018,"4500 MAIN STREET",816-531-5575
"2024-11-12 11:39:40",0000052388-20-000016,"4500 MAIN STREET",816-531-5575
"2024-11-12 11:39:40",0000052388-20-000014,"4500 MAIN STREET",816-531-5575
"2024-11-12 11:39:40",0000052388-20-000010,"4500 MAIN STREET",816-531-5575
"2024-11-12 11:39:40",0001710607-19-000163,"4500 MAIN STREET",816-531-5575
"2024-11-12 11:39:40",0001710607-19-000159,"4500 MAIN STREET",816-531-5575
"2024-11-12 11:39:40",0000748054-19-000021,"4500 MAIN STREET",816-531-5575
"2024-11-12 11:39:40",0000052388-19-000104,"4500 MAIN STREET",816-531-5575
"2024-11-12 11:39:40",0000052388-19-000099,"4500 MAIN STREET",816-531-5575
"2024-11-12 11:39:40",0000052388-19-000094,"4500 MAIN STREET",816-531-5575
"2024-11-12 11:39:40",0001710607-19-000034,"4500 MAIN STREET",816-531-5575
"2024-11-12 11:39:40",0000052388-19-000090,"4500 MAIN STREET",816-531-5575
"2024-11-12 11:39:40",0001710607-19-000028,"4500 MAIN STREET",816-531-5575
"2024-11-12 11:39:40",0000748054-19-000007,"4500 MAIN STREET",816-531-5575
"2024-11-12 11:39:40",0000052388-19-000082,"4500 MAIN STREET",816-531-5575
"2024-11-12 11:39:40",0000052388-19-000080,"4500 MAIN STREET",816-531-5575
"2024-11-12 11:39:40",0000052388-19-000078,"4500 MAIN STREET",816-531-5575
"2024-11-12 11:39:40",0000052388-19-000076,"4500 MAIN STREET",816-531-5575
"2024-11-12 11:39:40",0000052388-19-000074,"4500 MAIN STREET",816-531-5575
"2024-11-12 11:39:40",0000052388-19-000072,"4500 MAIN STREET",816-531-5575
"2024-11-12 11:39:40",0000052388-19-000070,"4500 MAIN STREET",816-531-5575
"2024-11-12 11:39:40",0000052388-19-000068,"4500 MAIN STREET",816-531-5575
"2024-11-12 11:39:40",0000052388-19-000066,"4500 MAIN STREET",816-531-5575
"2024-11-12 11:39:40",0000052388-19-000064,"4500 MAIN STREET",816-531-5575
"2024-11-12 11:39:40",0000052388-19-000062,"4500 MAIN STREET",816-531-5575
"2024-11-12 11:39:40",0000052388-19-000059,"4500 MAIN STREET",816-531-5575
"2024-11-12 11:39:40",0000052388-19-000057,"4500 MAIN STREET",816-531-5575
"2024-11-12 11:39:40",0000052388-19-000054,"4500 MAIN STREET",816-531-5575
"2024-11-12 11:39:40",0000052388-19-000052,"4500 MAIN STREET",816-531-5575
"2024-11-12 11:39:40",0000052388-19-000050,"4500 MAIN STREET",816-531-5575
"2024-11-12 11:39:40",0000052388-19-000048,"4500 MAIN STREET",816-531-5575
"2024-11-12 11:39:40",0000052388-19-000046,"4500 MAIN STREET",816-531-5575
"2024-11-12 11:39:40",0000052388-19-000044,"4500 MAIN STREET",816-531-5575
"2024-11-12 11:39:40",0000052388-19-000042,"4500 MAIN STREET",816-531-5575
"2024-11-12 11:39:40",0000052388-19-000040,"4500 MAIN STREET",816-531-5575
"2024-11-12 11:39:40",0000052388-19-000038,"4500 MAIN STREET",816-531-5575
"2024-11-12 11:39:40",0000052388-19-000036,"4500 MAIN STREET",816-531-5575
"2024-11-12 11:39:40",0000052388-19-000034,"4500 MAIN STREET",816-531-5575
"2024-11-12 11:39:40",0000052388-18-000070,"4500 MAIN STREET",816-531-5575
"2024-11-12 11:39:40",0000052388-18-000065,"4500 MAIN STREET",816-531-5575
"2024-11-12 11:39:40",0000052388-18-000062,"4500 MAIN STREET",816-531-5575
"2024-11-12 11:39:40",0000052388-18-000055,"4500 MAIN STREET",816-531-5575
"2024-11-12 11:39:40",0000052388-18-000050,"4500 MAIN STREET",816-531-5575
"2024-11-12 11:39:40",0000052388-18-000046,"4500 MAIN STREET",816-531-5575
"2024-11-12 11:39:40",0000052388-18-000043,"4500 MAIN STREET",816-531-5575
"2024-11-12 11:39:40",0000052388-18-000040,"4500 MAIN STREET",816-531-5575
"2024-11-12 11:39:40",0000052388-18-000038,"4500 MAIN STREET",816-531-5575
"2024-11-12 11:39:40",0000052388-18-000036,"4500 MAIN STREET",816-531-5575
"2024-11-12 11:39:40",0000052388-18-000034,"4500 MAIN STREET",816-531-5575
"2024-11-12 11:39:40",0000052388-18-000031,"4500 MAIN STREET",816-531-5575
"2024-11-12 11:39:40",0000052388-18-000028,"4500 MAIN STREET",816-531-5575
"2024-11-12 11:39:40",0000052388-18-000025,"4500 MAIN STREET",816-531-5575
"2024-11-12 11:39:40",0000052388-18-000023,"4500 MAIN STREET",816-531-5575
"2024-11-12 11:39:40",0000052388-18-000021,"4500 MAIN STREET",816-531-5575
"2024-11-12 11:39:40",0000052388-18-000019,"4500 MAIN STREET",816-531-5575
"2024-11-12 11:39:40",0000052388-18-000015,"4500 MAIN STREET",816-531-5575
"2024-11-12 11:39:40",0000052388-18-000013,"4500 MAIN STREET",816-531-5575
"2024-11-12 11:39:40",0000052388-18-000011,"4500 MAIN STREET",816-531-5575
"2024-11-12 11:39:40",0001710607-18-000042,"4500 MAIN STREET",816-531-5575
"2024-11-12 11:39:40",0000052388-18-000008,"4500 MAIN STREET",816-531-5575
"2024-11-12 11:39:40",0000052388-17-000060,"4500 MAIN STREET",816-531-5575
"2024-11-12 11:39:40",0001680359-17-000598,"4500 MAIN STREET",816-531-5575
"2024-11-12 11:39:40",0000052388-17-000056,"4500 MAIN STREET",816-531-5575
"2024-11-12 11:39:40",0000880268-17-000096,"4500 MAIN STREET",816-531-5575
"2024-11-12 11:39:40",0001680359-17-000297,"4500 MAIN STREET",816-531-5575
"2024-11-12 11:39:40",0001680359-17-000296,"4500 MAIN STREET",816-531-5575
"2024-11-12 11:39:40",0000052388-17-000052,"4500 MAIN STREET",816-531-5575
"2024-11-12 11:39:40",0000052388-17-000049,"4500 MAIN STREET",816-531-5575
"2024-11-12 11:39:40",0001680359-17-000174,"4500 MAIN STREET",816-531-5575
"2024-11-12 11:39:40",0000880268-17-000022,"4500 MAIN STREET",816-531-5575
"2024-11-12 11:39:40",0000052388-17-000045,"4500 MAIN STREET",816-531-5575
"2024-11-12 11:39:40",0000052388-17-000042,"4500 MAIN STREET",816-531-5575
"2024-11-12 11:39:40",0000052388-17-000040,"4500 MAIN STREET",816-531-5575
"2024-11-12 11:39:40",0000052388-17-000038,"4500 MAIN STREET",816-531-5575
"2024-11-12 11:39:40",0000052388-17-000036,"4500 MAIN STREET",816-531-5575
"2024-11-12 11:39:40",0000052388-17-000034,"4500 MAIN STREET",816-531-5575
"2024-11-12 11:39:40",0000052388-17-000032,"4500 MAIN STREET",816-531-5575
"2024-11-12 11:39:40",0000052388-17-000030,"4500 MAIN STREET",816-531-5575
"2024-11-12 11:39:40",0000052388-17-000028,"4500 MAIN STREET",816-531-5575
"2024-11-12 11:39:40",0000052388-17-000026,"4500 MAIN STREET",816-531-5575
"2024-11-12 11:39:40",0000052388-17-000024,"4500 MAIN STREET",816-531-5575
"2024-11-12 11:39:40",0000052388-17-000022,"4500 MAIN STREET",816-531-5575
"2024-11-12 11:39:40",0000052388-17-000020,"4500 MAIN STREET",816-531-5575
"2024-11-12 11:39:40",0000052388-17-000017,"4500 MAIN STREET",816-531-5575
"2024-11-12 11:39:40",0000052388-17-000015,"4500 MAIN STREET",816-531-5575
"2024-11-12 11:39:40",0000052388-17-000013,"4500 MAIN STREET",816-531-5575
"2024-11-12 11:39:40",0000052388-17-000010,"4500 MAIN STREET",816-531-5575
"2024-11-12 11:39:40",0000052388-17-000008,"4500 MAIN STREET",816-531-5575
"2024-11-12 11:39:40",0000052388-17-000005,"4500 MAIN STREET",816-531-5575
"2024-11-12 11:39:40",0000052388-16-000162,"4500 MAIN STREET",816-531-5575
"2024-11-12 11:39:40",0000052388-16-000158,"4500 MAIN STREET",816-531-5575
"2024-11-12 11:39:40",0000052388-16-000151,"4500 MAIN STREET",816-531-5575
"2024-11-12 11:39:40",0000052388-16-000142,"4500 MAIN STREET",816-531-5575
"2024-11-12 11:39:40",0000052388-16-000138,"4500 MAIN STREET",816-531-5575
"2024-11-12 11:39:40",0000052388-16-000135,"4500 MAIN STREET",816-531-5575
"2024-11-12 11:39:40",0000052388-16-000133,"4500 MAIN STREET",816-531-5575
"2024-11-12 11:39:40",0000052388-16-000130,"4500 MAIN STREET",816-531-5575
"2024-11-12 11:39:40",0000052388-16-000127,"4500 MAIN STREET",816-531-5575
"2024-11-12 11:39:40",0000052388-16-000124,"4500 MAIN STREET",816-531-5575
"2024-11-12 11:39:40",0000052388-16-000122,"4500 MAIN STREET",816-531-5575
"2024-11-12 11:39:40",0000052388-16-000120,"4500 MAIN STREET",816-531-5575
"2024-11-12 11:39:40",0000052388-16-000118,"4500 MAIN STREET",816-531-5575
"2024-11-12 11:39:40",0000052388-16-000116,"4500 MAIN STREET",816-531-5575
"2024-11-12 11:39:40",0000052388-16-000113,"4500 MAIN STREET",816-531-5575
"2024-11-12 11:39:40",0000052388-16-000110,"4500 MAIN STREET",816-531-5575
"2024-11-12 11:39:40",0000052388-16-000108,"4500 MAIN STREET",816-531-5575
"2024-11-12 11:39:40",0000052388-16-000106,"4500 MAIN STREET",816-531-5575
"2024-11-12 11:39:40",0000052388-16-000104,"4500 MAIN STREET",816-531-5575
"2024-11-12 11:39:40",0000052388-16-000102,"4500 MAIN STREET",816-531-5575
"2024-11-12 11:39:40",0000052388-16-000100,"4500 MAIN STREET",816-531-5575
"2024-11-12 11:39:40",0000052388-16-000098,"4500 MAIN STREET",816-531-5575
"2024-11-12 11:39:40",0000052388-16-000096,"4500 MAIN STREET",816-531-5575
"2024-11-12 11:39:40",0000052388-16-000094,"4500 MAIN STREET",816-531-5575
"2024-11-12 11:39:40",0000052388-16-000091,"4500 MAIN STREET",816-531-5575
"2024-11-12 11:39:40",0000052388-16-000087,"4500 MAIN STREET",816-531-5575
"2024-11-12 11:39:40",0000052388-15-000082,"4500 MAIN STREET",816-531-5575
"2024-11-12 11:39:40",0000052388-15-000076,"4500 MAIN STREET",816-531-5575
"2024-11-12 11:39:40",0000052388-15-000072,"4500 MAIN STREET",816-531-5575
"2024-11-12 11:39:40",0000052388-15-000068,"4500 MAIN STREET",816-531-5575
"2024-11-12 11:39:40",0000052388-15-000064,"4500 MAIN STREET",816-531-5575
"2024-11-12 11:39:40",0000052388-15-000060,"4500 MAIN STREET",816-531-5575
"2024-11-12 11:39:40",0000052388-15-000058,"4500 MAIN STREET",816-531-5575
"2024-11-12 11:39:40",0000052388-15-000055,"4500 MAIN STREET",816-531-5575
"2024-11-12 11:39:40",0000052388-15-000053,"4500 MAIN STREET",816-531-5575
"2024-11-12 11:39:40",0000052388-15-000051,"4500 MAIN STREET",816-531-5575
"2024-11-12 11:39:40",0000052388-15-000049,"4500 MAIN STREET",816-531-5575
"2024-11-12 11:39:40",0000052388-15-000047,"4500 MAIN STREET",816-531-5575
"2024-11-12 11:39:40",0000052388-15-000045,"4500 MAIN STREET",816-531-5575
"2024-11-12 11:39:40",0000052388-15-000042,"4500 MAIN STREET",816-531-5575
"2024-11-12 11:39:40",0000052388-15-000040,"4500 MAIN STREET",816-531-5575
"2024-11-12 11:39:40",0000052388-15-000038,"4500 MAIN STREET",816-531-5575
"2024-11-12 11:39:40",0000052388-15-000036,"4500 MAIN STREET",816-531-5575
"2024-11-12 11:39:40",0000052388-15-000034,"4500 MAIN STREET",816-531-5575
"2024-11-12 11:39:40",0000052388-15-000032,"4500 MAIN STREET",816-531-5575
"2024-11-12 11:39:40",0000052388-15-000030,"4500 MAIN STREET",816-531-5575
"2024-11-12 11:39:40",0000052388-15-000028,"4500 MAIN STREET",816-531-5575
"2024-11-12 11:39:40",0000052388-15-000026,"4500 MAIN STREET",816-531-5575
"2024-11-12 11:39:40",0000052388-15-000024,"4500 MAIN STREET",816-531-5575
"2024-11-12 11:39:40",0000052388-15-000022,"4500 MAIN STREET",816-531-5575
"2024-11-12 11:39:40",0000052388-15-000021,"4500 MAIN STREET",816-531-5575
"2024-11-12 11:39:40",0000052388-15-000019,"4500 MAIN STREET",816-531-5575
"2024-11-12 11:39:40",0000052388-15-000017,"4500 MAIN STREET",816-531-5575
"2024-11-12 11:39:40",0000052388-15-000015,"4500 MAIN STREET",816-531-5575
"2024-11-12 11:39:40",0000052388-15-000013,"4500 MAIN STREET",816-531-5575
"2024-11-12 11:39:40",0000052388-15-000011,"4500 MAIN STREET",816-531-5575
"2024-11-12 11:39:40",0000052388-15-000009,"4500 MAIN STREET",816-531-5575
"2024-11-12 11:39:40",0000052388-15-000007,"4500 MAIN STREET",816-531-5575
"2024-11-12 11:39:40",0000052388-15-000004,"4500 MAIN STREET",816-531-5575
"2024-11-12 11:39:40",0000052388-14-000093,"4500 MAIN STREET",816-531-5575
"2024-11-12 11:39:40",0000748054-14-000017,"4500 MAIN STREET",816-531-5575
"2024-11-12 11:39:40",0001582816-14-000416,"4500 MAIN STREET",816-531-5575
"2024-11-12 11:39:40",0000052388-14-000085,"4500 MAIN STREET",816-531-5575
"2024-11-12 11:39:40",0000748054-14-000006,"4500 MAIN STREET",816-531-5575
"2024-11-12 11:39:40",0000052388-14-000075,"4500 MAIN STREET",816-531-5575
"2024-11-12 11:39:40",0000052388-14-000072,"4500 MAIN STREET",816-531-5575
"2024-11-12 11:39:40",0000052388-14-000069,"4500 MAIN STREET",816-531-5575
"2024-11-12 11:39:40",0000052388-14-000067,"4500 MAIN STREET",816-531-5575
"2024-11-12 11:39:40",0000052388-14-000065,"4500 MAIN STREET",816-531-5575
"2024-11-12 11:39:40",0000052388-14-000063,"4500 MAIN STREET",816-531-5575
"2024-11-12 11:39:40",0000052388-14-000060,"4500 MAIN STREET",816-531-5575
"2024-11-12 11:39:40",0000052388-14-000058,"4500 MAIN STREET",816-531-5575
"2024-11-12 11:39:40",0000052388-14-000056,"4500 MAIN STREET",816-531-5575
"2024-11-12 11:39:40",0000052388-14-000054,"4500 MAIN STREET",816-531-5575
"2024-11-12 11:39:40",0000052388-14-000052,"4500 MAIN STREET",816-531-5575
"2024-11-12 11:39:40",0000052388-14-000049,"4500 MAIN STREET",816-531-5575
"2024-11-12 11:39:40",0000052388-14-000047,"4500 MAIN STREET",816-531-5575
"2024-11-12 11:39:40",0000052388-14-000044,"4500 MAIN STREET",816-531-5575
"2024-11-12 11:39:40",0000052388-14-000041,"4500 MAIN STREET",816-531-5575
"2024-11-12 11:39:40",0000052388-14-000038,"4500 MAIN STREET",816-531-5575
"2024-11-12 11:39:40",0000052388-14-000033,"4500 MAIN STREET",816-531-5575
"2024-11-12 11:39:40",0000052388-14-000030,"4500 MAIN STREET",816-531-5575
"2024-11-12 11:39:40",0000052388-14-000027,"4500 MAIN STREET",816-531-5575
"2024-11-12 11:39:40",0000052388-14-000024,"4500 MAIN STREET",816-531-5575
"2024-11-12 11:39:40",0000052388-14-000022,"4500 MAIN STREET",816-531-5575
"2024-11-12 11:39:40",0000052388-14-000020,"4500 MAIN STREET",816-531-5575
"2024-11-12 11:39:40",0000052388-14-000018,"4500 MAIN STREET",816-531-5575
"2024-11-12 11:39:40",0000052388-14-000016,"4500 MAIN STREET",816-531-5575
"2024-11-12 11:39:40",0000052388-14-000014,"4500 MAIN STREET",816-531-5575
"2024-11-12 11:39:40",0000052388-14-000012,"4500 MAIN STREET",816-531-5575
"2024-11-12 11:39:40",0000052388-14-000010,"4500 MAIN STREET",816-531-5575
"2024-11-12 11:39:40",0000052388-14-000007,"4500 MAIN STREET",816-531-5575
"2024-11-12 11:39:40",0000052388-14-000004,"4500 MAIN STREET",816-531-5575
"2024-11-12 11:39:40",0000052388-13-000059,"4500 MAIN STREET",816-531-5575
"2024-11-12 11:39:40",0000052388-13-000055,"4500 MAIN STREET",816-531-5575
"2024-11-12 11:39:40",0000748054-13-000006,"4500 MAIN STREET",816-531-5575
"2024-11-12 11:39:40",0000052388-13-000045,"4500 MAIN STREET",816-531-5575
"2024-11-12 11:39:40",0000052388-13-000043,"4500 MAIN STREET",816-531-5575
"2024-11-12 11:39:40",0000052388-13-000041,"4500 MAIN STREET",816-531-5575
"2024-11-12 11:39:40",0000052388-13-000039,"4500 MAIN STREET",816-531-5575
"2024-11-12 11:39:40",0000052388-13-000037,"4500 MAIN STREET",816-531-5575
"2024-11-12 11:39:40",0000052388-13-000035,"4500 MAIN STREET",816-531-5575
"2024-11-12 11:39:40",0000052388-13-000033,"4500 MAIN STREET",816-531-5575
"2024-11-12 11:39:40",0000052388-13-000031,"4500 MAIN STREET",816-531-5575
"2024-11-12 11:39:40",0000052388-13-000029,"4500 MAIN STREET",816-531-5575
"2024-11-12 11:39:40",0000052388-13-000027,"4500 MAIN STREET",816-531-5575
"2024-11-12 11:39:40",0000052388-13-000025,"4500 MAIN STREET",816-531-5575
"2024-11-12 11:39:40",0000052388-13-000023,"4500 MAIN STREET",816-531-5575
"2024-11-12 11:39:40",0000052388-13-000021,"4500 MAIN STREET",816-531-5575
"2024-11-12 11:39:40",0000052388-13-000018,"4500 MAIN STREET",816-531-5575
"2024-11-12 11:39:40",0000052388-13-000017,"4500 MAIN STREET",816-531-5575
"2024-11-12 11:39:40",0000052388-13-000014,"4500 MAIN STREET",816-531-5575
"2024-11-12 11:39:40",0000052388-13-000012,"4500 MAIN STREET",816-531-5575
"2024-11-12 11:39:40",0000052388-13-000010,"4500 MAIN STREET",816-531-5575
"2024-11-12 11:39:40",0000052388-13-000008,"4500 MAIN STREET",816-531-5575
"2024-11-12 11:39:40",0000052388-13-000006,"4500 MAIN STREET",816-531-5575
"2024-11-12 11:39:40",0000052388-13-000003,"4500 MAIN STREET",816-531-5575
"2024-11-12 11:39:40",0000052388-12-000046,"4500 MAIN STREET",816-531-5575
"2024-11-12 11:39:40",0000052388-12-000043,"4500 MAIN STREET",816-531-5575
"2024-11-12 11:39:40",0000052388-12-000040,"4500 MAIN STREET",816-531-5575
"2024-11-12 11:39:40",0000052388-12-000037,"4500 MAIN STREET",816-531-5575
"2024-11-12 11:39:40",9999999997-12-002944,"4500 MAIN STREET",816-531-5575
"2024-11-12 11:39:40",9999999997-12-002943,"4500 MAIN STREET",816-531-5575
"2024-11-12 11:39:40",0000052388-12-000034,"4500 MAIN STREET",816-531-5575
"2024-11-12 11:39:40",0000052388-12-000032,"4500 MAIN STREET",816-531-5575
"2024-11-12 11:39:40",0000052388-12-000030,"4500 MAIN STREET",816-531-5575
"2024-11-12 11:39:40",0000052388-12-000028,"4500 MAIN STREET",816-531-5575
"2024-11-12 11:39:40",0000052388-12-000026,"4500 MAIN STREET",816-531-5575
"2024-11-12 11:39:40",0000052388-12-000024,"4500 MAIN STREET",816-531-5575
"2024-11-12 11:39:40",0000052388-12-000020,"4500 MAIN STREET",816-531-5575
"2024-11-12 11:39:40",0000052388-12-000018,"4500 MAIN STREET",816-531-5575
"2024-11-12 11:39:40",0000052388-12-000016,"4500 MAIN STREET",816-531-5575
"2024-11-12 11:39:40",0000052388-12-000014,"4500 MAIN STREET",816-531-5575
"2024-11-12 11:39:40",0000052388-12-000012,"4500 MAIN STREET",816-531-5575
"2024-11-12 11:39:40",0000052388-12-000010,"4500 MAIN STREET",816-531-5575
"2024-11-12 11:39:40",0000052388-12-000008,"4500 MAIN STREET",816-531-5575
"2024-11-12 11:39:40",0000052388-12-000006,"4500 MAIN STREET",816-531-5575
"2024-11-12 11:39:40",0000052388-12-000004,"4500 MAIN STREET",816-531-5575
"2024-11-12 11:39:40",0000052388-12-000002,"4500 MAIN STREET",816-531-5575
"2024-11-12 11:39:40",0001144204-11-063051,"4500 MAIN STREET",816-531-5575
"2024-11-12 11:39:40",0000052388-11-000036,"4500 MAIN STREET",816-531-5575
"2024-11-12 11:39:40",0000052388-11-000032,"4500 MAIN STREET",816-531-5575
"2024-11-12 11:39:40",0001144204-11-042851,"4500 MAIN STREET",816-531-5575
"2024-11-12 11:39:40",0000052388-11-000030,"4500 MAIN STREET",816-531-5575
"2024-11-12 11:39:40",0000052388-11-000028,"4500 MAIN STREET",816-531-5575
"2024-11-12 11:39:40",0000052388-11-000026,"4500 MAIN STREET",816-531-5575
"2024-11-12 11:39:40",0000052388-11-000024,"4500 MAIN STREET",816-531-5575
"2024-11-12 11:39:40",0000052388-11-000022,"4500 MAIN STREET",816-531-5575
"2024-11-12 11:39:40",0000052388-11-000020,"4500 MAIN STREET",816-531-5575
"2024-11-12 11:39:40",0000052388-11-000018,"4500 MAIN STREET",816-531-5575
"2024-11-12 11:39:40",0000052388-11-000015,"4500 MAIN STREET",816-531-5575
"2024-11-12 11:39:40",0000052388-11-000013,"4500 MAIN STREET",816-531-5575
"2024-11-12 11:39:40",0000052388-11-000011,"4500 MAIN STREET",816-531-5575
"2024-11-12 11:39:40",0000052388-11-000009,"4500 MAIN STREET",816-531-5575
"2024-11-12 11:39:40",0000052388-11-000007,"4500 MAIN STREET",816-531-5575
"2024-11-12 11:39:40",0000052388-11-000005,"4500 MAIN STREET",816-531-5575
"2024-11-12 11:39:40",0000052388-11-000002,"4500 MAIN STREET",816-531-5575
"2024-11-12 11:39:40",0000052388-10-000037,"4500 MAIN STREET",816-531-5575
"2024-11-12 11:39:40",0000052388-10-000035,"4500 MAIN STREET",816-531-5575
"2024-11-12 11:39:40",0000052388-10-000033,"4500 MAIN STREET",816-531-5575
"2024-11-12 11:39:40",0000052388-10-000031,"4500 MAIN STREET",816-531-5575
"2024-11-12 11:39:40",0000052388-10-000029,"4500 MAIN STREET",816-531-5575
"2024-11-12 11:39:40",0000052388-10-000027,"4500 MAIN STREET",816-531-5575
"2024-11-12 11:39:40",0000052388-10-000025,"4500 MAIN STREET",816-531-5575
"2024-11-12 11:39:40",0000052388-10-000023,"4500 MAIN STREET",816-531-5575
"2024-11-12 11:39:40",0000052388-10-000021,"4500 MAIN STREET",816-531-5575
"2024-11-12 11:39:40",0000052388-10-000019,"4500 MAIN STREET",816-531-5575
"2024-11-12 11:39:40",0000052388-10-000017,"4500 MAIN STREET",816-531-5575
"2024-11-12 11:39:40",0000052388-10-000015,"4500 MAIN STREET",816-531-5575
"2024-11-12 11:39:40",0000052388-10-000013,"4500 MAIN STREET",816-531-5575
"2024-11-12 11:39:40",0000052388-10-000011,"4500 MAIN STREET",816-531-5575
"2024-11-12 11:39:40",0000052388-10-000009,"4500 MAIN STREET",816-531-5575
"2024-11-12 11:39:40",0000052388-10-000007,"4500 MAIN STREET",816-531-5575
"2024-11-12 11:39:40",0000052388-10-000004,"4500 MAIN STREET",816-531-5575
"2024-11-12 11:39:40",0000052388-10-000001,"4500 MAIN STREET",816-531-5575
"2024-11-12 11:39:40",0000052388-09-000052,"4500 MAIN STREET",816-531-5575
"2024-11-12 11:39:40",0000052388-09-000051,"4500 MAIN STREET",816-531-5575
"2024-11-12 11:39:40",0000052388-09-000050,"4500 MAIN STREET",816-531-5575
"2024-11-12 11:39:40",0000052388-09-000048,"4500 MAIN STREET",816-531-5575
"2024-11-12 11:39:40",0000052388-09-000046,"4500 MAIN STREET",816-531-5575
"2024-11-12 11:39:40",0000052388-09-000044,"4500 MAIN STREET",816-531-5575
"2024-11-12 11:39:40",0000052388-09-000042,"4500 MAIN STREET",816-531-5575
"2024-11-12 11:39:40",0000052388-09-000040,"4500 MAIN STREET",816-531-5575
"2024-11-12 11:39:40",0000052388-09-000038,"4500 MAIN STREET",816-531-5575
"2024-11-12 11:39:40",0000052388-09-000035,"4500 MAIN STREET",816-531-5575
"2024-11-12 11:39:40",0000052388-09-000033,"4500 MAIN STREET",816-531-5575
"2024-11-12 11:39:40",0000052388-09-000031,"4500 MAIN STREET",816-531-5575
"2024-11-12 11:39:40",0000052388-09-000029,"4500 MAIN STREET",816-531-5575
"2024-11-12 11:39:40",0000052388-09-000027,"4500 MAIN STREET",816-531-5575
"2024-11-12 11:39:40",0000052388-09-000025,"4500 MAIN STREET",816-531-5575
"2024-11-12 11:39:40",0000052388-09-000023,"4500 MAIN STREET",816-531-5575
"2024-11-12 11:39:40",0000052388-09-000021,"4500 MAIN STREET",816-531-5575
"2024-11-12 11:39:40",0000052388-09-000019,"4500 MAIN STREET",816-531-5575
"2024-11-12 11:39:40",0000052388-09-000017,"4500 MAIN STREET",816-531-5575
"2024-11-12 11:39:40",0000052388-09-000015,"4500 MAIN STREET",816-531-5575
"2024-11-12 11:39:40",0000052388-09-000013,"4500 MAIN STREET",816-531-5575
"2024-11-12 11:39:40",0000052388-09-000011,"4500 MAIN STREET",816-531-5575
"2024-11-12 11:39:40",0000052388-09-000009,"4500 MAIN STREET",816-531-5575
"2024-11-12 11:39:40",0000052388-09-000007,"4500 MAIN STREET",816-531-5575
"2024-11-12 11:39:40",0000052388-09-000005,"4500 MAIN STREET",816-531-5575
"2024-11-12 11:39:40",0000052388-09-000003,"4500 MAIN STREET",816-531-5575
"2024-11-12 11:39:40",0000052388-09-000001,"4500 MAIN STREET",816-531-5575
"2024-11-12 11:39:40",0000052388-08-000089,"4500 MAIN STREET",816-531-5575
"2024-11-12 11:39:40",0000052388-08-000088,"4500 MAIN STREET",816-531-5575
"2024-11-12 11:39:40",0000052388-08-000085,"4500 MAIN STREET",816-531-5575
"2024-11-12 11:39:40",0000052388-08-000084,"4500 MAIN STREET",816-531-5575
"2024-11-12 11:39:40",0000052388-08-000083,"4500 MAIN STREET",816-531-5575
"2024-11-12 11:39:40",0000052388-08-000081,"4500 MAIN STREET",816-531-5575
"2024-11-12 11:39:40",0000052388-08-000079,"4500 MAIN STREET",816-531-5575
"2024-11-12 11:39:40",0000052388-08-000076,"4500 MAIN STREET",816-531-5575
"2024-11-12 11:39:40",0000052388-08-000074,"4500 MAIN STREET",816-531-5575
"2024-11-12 11:39:40",0000052388-08-000072,"4500 MAIN STREET",816-531-5575
"2024-11-12 11:39:40",0000052388-08-000070,"4500 MAIN STREET",816-531-5575
"2024-11-12 11:39:40",0000052388-08-000067,"4500 MAIN STREET",816-531-5575
"2024-11-12 11:39:40",0000052388-08-000065,"4500 MAIN STREET",816-531-5575
"2024-11-12 11:39:40",0000052388-08-000063,"4500 MAIN STREET",816-531-5575
"2024-11-12 11:39:40",0000052388-08-000061,"4500 MAIN STREET",816-531-5575
"2024-11-12 11:39:40",0000052388-08-000059,"4500 MAIN STREET",816-531-5575
"2024-11-12 11:39:40",0000052388-08-000056,"4500 MAIN STREET",816-531-5575
"2024-11-12 11:39:40",0000052388-08-000054,"4500 MAIN STREET",816-531-5575
"2024-11-12 11:39:40",0000052388-08-000052,"4500 MAIN STREET",816-531-5575
"2024-11-12 11:39:40",0000052388-08-000049,"4500 MAIN STREET",816-531-5575
"2024-11-12 11:39:40",0000052388-08-000047,"4500 MAIN STREET",816-531-5575
"2024-11-12 11:39:40",0000052388-08-000045,"4500 MAIN STREET",816-531-5575
"2024-11-12 11:39:40",0000052388-08-000043,"4500 MAIN STREET",816-531-5575
"2024-11-12 11:39:40",0000052388-08-000041,"4500 MAIN STREET",816-531-5575
"2024-11-12 11:39:40",0000052388-08-000039,"4500 MAIN STREET",816-531-5575
"2024-11-12 11:39:40",0000052388-08-000037,"4500 MAIN STREET",816-531-5575
"2024-11-12 11:39:40",0000052388-08-000035,"4500 MAIN STREET",816-531-5575
"2024-11-12 11:39:40",0000052388-08-000033,"4500 MAIN STREET",816-531-5575
"2024-11-12 11:39:40",0000052388-08-000031,"4500 MAIN STREET",816-531-5575
"2024-11-12 11:39:40",0000052388-08-000029,"4500 MAIN STREET",816-531-5575
"2024-11-12 11:39:40",0000052388-08-000027,"4500 MAIN STREET",816-531-5575
"2024-11-12 11:39:40",0000052388-08-000025,"4500 MAIN STREET",816-531-5575
"2024-11-12 11:39:40",0000052388-08-000023,"4500 MAIN STREET",816-531-5575
"2024-11-12 11:39:40",0000052388-08-000021,"4500 MAIN STREET",816-531-5575
"2024-11-12 11:39:40",0000052388-08-000019,"4500 MAIN STREET",816-531-5575
"2024-11-12 11:39:40",0000052388-08-000017,"4500 MAIN STREET",816-531-5575
"2024-11-12 11:39:40",0000052388-08-000015,"4500 MAIN STREET",816-531-5575
"2024-11-12 11:39:40",0000052388-08-000013,"4500 MAIN STREET",816-531-5575
"2024-11-12 11:39:40",0000052388-08-000011,"4500 MAIN STREET",816-531-5575
"2024-11-12 11:39:40",0000052388-08-000009,"4500 MAIN STREET",816-531-5575
"2024-11-12 11:39:40",0000052388-08-000007,"4500 MAIN STREET",816-531-5575
"2024-11-12 11:39:40",0000052388-08-000005,"4500 MAIN STREET",816-531-5575
"2024-11-12 11:39:40",0000052388-08-000003,"4500 MAIN STREET",816-531-5575
"2024-11-12 11:39:40",0000052388-08-000001,"4500 MAIN STREET",816-531-5575
"2024-11-12 11:39:40",0000052388-07-000108,"4500 MAIN STREET",816-531-5575
"2024-11-12 11:39:40",0000052388-07-000104,"4500 MAIN STREET",816-531-5575
"2024-11-12 11:39:40",0000052388-07-000100,"4500 MAIN STREET",816-531-5575
"2024-11-12 11:39:40",0000052388-07-000099,"4500 MAIN STREET",816-531-5575
"2024-11-12 11:39:40",0000052388-07-000097,"4500 MAIN STREET",816-531-5575
"2024-11-12 11:39:40",0000052388-07-000096,"4500 MAIN STREET",816-531-5575
"2024-11-12 11:39:40",0000052388-07-000094,"4500 MAIN STREET",816-531-5575
"2024-11-12 11:39:40",0000052388-07-000092,"4500 MAIN STREET",816-531-5575
"2024-11-12 11:39:40",0000052388-07-000090,"4500 MAIN STREET",816-531-5575
"2024-11-12 11:39:40",0000052388-07-000088,"4500 MAIN STREET",816-531-5575
"2024-11-12 11:39:40",0000052388-07-000085,"4500 MAIN STREET",816-531-5575
"2024-11-12 11:39:40",0000052388-07-000083,"4500 MAIN STREET",816-531-5575
"2024-11-12 11:39:40",0000052388-07-000081,"4500 MAIN STREET",816-531-5575
"2024-11-12 11:39:40",0000052388-07-000078,"4500 MAIN STREET",816-531-5575
"2024-11-12 11:39:40",0000052388-07-000076,"4500 MAIN STREET",816-531-5575
"2024-11-12 11:39:40",0000052388-07-000074,"4500 MAIN STREET",816-531-5575
"2024-11-12 11:39:40",0000052388-07-000072,"4500 MAIN STREET",816-531-5575
"2024-11-12 11:39:40",0000052388-07-000070,"4500 MAIN STREET",816-531-5575
"2024-11-12 11:39:40",0000052388-07-000068,"4500 MAIN STREET",816-531-5575
"2024-11-12 11:39:40",0000052388-07-000066,"4500 MAIN STREET",816-531-5575
"2024-11-12 11:39:40",0000052388-07-000064,"4500 MAIN STREET",816-531-5575
"2024-11-12 11:39:40",0000052388-07-000062,"4500 MAIN STREET",816-531-5575
"2024-11-12 11:39:40",0000052388-07-000060,"4500 MAIN STREET",816-531-5575
"2024-11-12 11:39:40",0000052388-07-000058,"4500 MAIN STREET",816-531-5575
"2024-11-12 11:39:40",0000052388-07-000056,"4500 MAIN STREET",816-531-5575
"2024-11-12 11:39:40",0000052388-07-000054,"4500 MAIN STREET",816-531-5575
"2024-11-12 11:39:40",0000052388-07-000052,"4500 MAIN STREET",816-531-5575
"2024-11-12 11:39:40",0000052388-07-000050,"4500 MAIN STREET",816-531-5575
"2024-11-12 11:39:40",0000052388-07-000048,"4500 MAIN STREET",816-531-5575
"2024-11-12 11:39:40",0000052388-07-000046,"4500 MAIN STREET",816-531-5575
"2024-11-12 11:39:40",0000052388-07-000044,"4500 MAIN STREET",816-531-5575
"2024-11-12 11:39:40",0000052388-07-000042,"4500 MAIN STREET",816-531-5575
"2024-11-12 11:39:40",0000052388-07-000040,"4500 MAIN STREET",816-531-5575
"2024-11-12 11:39:40",0000052388-07-000038,"4500 MAIN STREET",816-531-5575
"2024-11-12 11:39:40",0000052388-07-000034,"4500 MAIN STREET",816-531-5575
"2024-11-12 11:39:40",0000052388-07-000032,"4500 MAIN STREET",816-531-5575
"2024-11-12 11:39:40",0000052388-07-000030,"4500 MAIN STREET",816-531-5575
"2024-11-12 11:39:40",0000052388-07-000027,"4500 MAIN STREET",816-531-5575
"2024-11-12 11:39:40",0000052388-07-000025,"4500 MAIN STREET",816-531-5575
"2024-11-12 11:39:40",0000052388-07-000023,"4500 MAIN STREET",816-531-5575
"2024-11-12 11:39:40",0000052388-07-000020,"4500 MAIN STREET",816-531-5575
"2024-11-12 11:39:40",0000052388-07-000018,"4500 MAIN STREET",816-531-5575
"2024-11-12 11:39:40",0000052388-07-000016,"4500 MAIN STREET",816-531-5575
"2024-11-12 11:39:40",0000052388-07-000014,"4500 MAIN STREET",816-531-5575
"2024-11-12 11:39:40",0000052388-07-000012,"4500 MAIN STREET",816-531-5575
"2024-11-12 11:39:40",0000052388-07-000009,"4500 MAIN STREET",816-531-5575
"2024-11-12 11:39:40",0000052388-07-000008,"4500 MAIN STREET",816-531-5575
"2024-11-12 11:39:40",0000052388-07-000006,"4500 MAIN STREET",816-531-5575
"2024-11-12 11:39:40",0000052388-07-000004,"4500 MAIN STREET",816-531-5575
"2024-11-12 11:39:40",0000052388-07-000002,"4500 MAIN STREET",816-531-5575
"2024-11-12 11:39:40",0000052388-06-000014,"4500 MAIN STREET",816-531-5575
"2024-11-12 11:39:40",0000052388-06-000012,"4500 MAIN STREET",816-531-5575
"2024-11-12 11:39:40",0000052388-06-000010,"4500 MAIN STREET",816-531-5575
"2024-11-12 11:39:40",0000052388-06-000009,"4500 MAIN STREET",816-531-5575
"2024-11-12 11:39:40",0000052388-06-000007,"4500 MAIN STREET",816-531-5575
"2024-11-12 11:39:40",0000052388-06-000006,"4500 MAIN STREET",816-531-5575
"2024-11-12 11:39:40",0000052388-06-000003,"4500 MAIN STREET",816-531-5575
"2024-11-12 11:39:40",0001013816-06-000196,"4500 MAIN STREET",816-531-5575
"2024-11-12 11:39:40",0001013816-06-000195,"4500 MAIN STREET",816-531-5575
"2024-11-12 11:39:40",0001013816-06-000194,"4500 MAIN STREET",816-531-5575
"2024-11-12 11:39:40",0001013816-06-000193,"4500 MAIN STREET",816-531-5575
"2024-11-12 11:39:40",0001013816-06-000192,"4500 MAIN STREET",816-531-5575
"2024-11-12 11:39:40",0001013816-06-000191,"4500 MAIN STREET",816-531-5575
"2024-11-12 11:39:40",0001013816-06-000190,"4500 MAIN STREET",816-531-5575
"2024-11-12 11:39:40",0001013816-06-000189,"4500 MAIN STREET",816-531-5575
"2024-11-12 11:39:40",0001013816-06-000188,"4500 MAIN STREET",816-531-5575
"2024-11-12 11:39:40",0001013816-06-000187,"4500 MAIN STREET",816-531-5575
"2024-11-12 11:39:40",0001013816-06-000186,"4500 MAIN STREET",816-531-5575
"2024-11-12 11:39:40",0001013816-06-000185,"4500 MAIN STREET",816-531-5575
"2024-11-12 11:39:40",0001013816-06-000184,"4500 MAIN STREET",816-531-5575
"2024-11-12 11:39:40",0001013816-06-000183,"4500 MAIN STREET",816-531-5575
"2024-11-12 11:39:40",0001013816-06-000182,"4500 MAIN STREET",816-531-5575
"2024-11-12 11:39:40",0001013816-06-000181,"4500 MAIN STREET",816-531-5575
"2024-11-12 11:39:40",0001013816-06-000180,"4500 MAIN STREET",816-531-5575
"2024-11-12 11:39:40",0001013816-06-000179,"4500 MAIN STREET",816-531-5575
"2024-11-12 11:39:40",0001013816-06-000178,"4500 MAIN STREET",816-531-5575
"2024-11-12 11:39:40",0001013816-06-000177,"4500 MAIN STREET",816-531-5575
"2024-11-12 11:39:40",0001013816-06-000176,"4500 MAIN STREET",816-531-5575
"2024-11-12 11:39:40",0001013816-06-000175,"4500 MAIN STREET",816-531-5575
"2024-11-12 11:39:40",0001013816-06-000174,"4500 MAIN STREET",816-531-5575
"2024-11-12 11:39:40",0001013816-06-000173,"4500 MAIN STREET",816-531-5575
"2024-11-12 11:39:40",0001013816-06-000172,"4500 MAIN STREET",816-531-5575
"2024-11-12 11:39:40",0001013816-06-000171,"4500 MAIN STREET",816-531-5575
"2024-11-12 11:39:40",0001013816-06-000170,"4500 MAIN STREET",816-531-5575
"2024-11-12 11:39:40",0001013816-06-000169,"4500 MAIN STREET",816-531-5575
"2024-11-12 11:39:40",0001013816-06-000168,"4500 MAIN STREET",816-531-5575
"2024-11-12 11:39:40",0001013816-06-000167,"4500 MAIN STREET",816-531-5575
"2024-11-12 11:39:40",0001013816-06-000164,"4500 MAIN STREET",816-531-5575
"2024-11-12 11:39:40",0001013816-06-000166,"4500 MAIN STREET",816-531-5575
"2024-11-12 11:39:40",0001013816-06-000165,"4500 MAIN STREET",816-531-5575
"2024-11-12 11:39:40",0001013816-06-000163,"4500 MAIN STREET",816-531-5575
"2024-11-12 11:39:40",0001013816-06-000162,"4500 MAIN STREET",816-531-5575
"2024-11-12 11:39:40",0001013816-06-000161,"4500 MAIN STREET",816-531-5575
"2024-11-12 11:39:40",0001013816-06-000160,"4500 MAIN STREET",816-531-5575
"2024-11-12 11:39:40",0001013816-06-000159,"4500 MAIN STREET",816-531-5575
"2024-11-12 11:39:40",0001013816-06-000158,"4500 MAIN STREET",816-531-5575
"2024-11-12 11:39:40",0001013816-06-000157,"4500 MAIN STREET",816-531-5575
"2024-11-12 11:39:40",0001013816-06-000156,"4500 MAIN STREET",816-531-5575
"2024-11-12 11:39:40",0001013816-06-000155,"4500 MAIN STREET",816-531-5575
"2024-11-12 11:39:40",0000052388-06-000002,"4500 MAIN STREET",816-531-5575
"2024-11-12 11:39:40",0000052388-05-000063,"4500 MAIN STREET",816-531-5575
"2024-11-12 11:39:40",0000052388-05-000061,"4500 MAIN STREET",816-531-5575
"2024-11-12 11:39:40",0000052388-05-000060,"4500 MAIN STREET",816-531-5575
"2024-11-12 11:39:40",0000052388-05-000058,"4500 MAIN STREET",816-531-5575
"2024-11-12 11:39:40",0000052388-05-000056,"4500 MAIN STREET",816-531-5575
"2024-11-12 11:39:40",0000052388-05-000054,"4500 MAIN STREET",816-531-5575
"2024-11-12 11:39:40",0000052388-05-000053,"4500 MAIN STREET",816-531-5575
"2024-11-12 11:39:40",0000052388-05-000051,"4500 MAIN STREET",816-531-5575
"2024-11-12 11:39:40",0000052388-05-000049,"4500 MAIN STREET",816-531-5575
"2024-11-12 11:39:40",0000052388-05-000048,"4500 MAIN STREET",816-531-5575
"2024-11-12 11:39:40",0000052388-05-000046,"4500 MAIN STREET",816-531-5575
"2024-11-12 11:39:40",0000052388-05-000045,"4500 MAIN STREET",816-531-5575
"2024-11-12 11:39:40",0000052388-05-000044,"4500 MAIN STREET",816-531-5575
"2024-11-12 11:39:40",0000052388-05-000043,"4500 MAIN STREET",816-531-5575
"2024-11-12 11:39:40",0000052388-05-000042,"4500 MAIN STREET",816-531-5575
"2024-11-12 11:39:40",0000052388-05-000041,"4500 MAIN STREET",816-531-5575
"2024-11-12 11:39:40",0000052388-05-000040,"4500 MAIN STREET",816-531-5575
"2024-11-12 11:39:40",0000052388-05-000039,"4500 MAIN STREET",816-531-5575
"2024-11-12 11:39:40",0000052388-05-000038,"4500 MAIN STREET",816-531-5575
"2024-11-12 11:39:40",0000052388-05-000037,"4500 MAIN STREET",816-531-5575
"2024-11-12 11:39:40",0000052388-05-000036,"4500 MAIN STREET",816-531-5575
"2024-11-12 11:39:40",0000052388-05-000035,"4500 MAIN STREET",816-531-5575
"2024-11-12 11:39:40",0000052388-05-000034,"4500 MAIN STREET",816-531-5575
"2024-11-12 11:39:40",0000052388-05-000033,"4500 MAIN STREET",816-531-5575
"2024-11-12 11:39:40",0000052388-05-000032,"4500 MAIN STREET",816-531-5575
"2024-11-12 11:39:40",0000052388-05-000031,"4500 MAIN STREET",816-531-5575
"2024-11-12 11:39:40",0000052388-05-000030,"4500 MAIN STREET",816-531-5575
"2024-11-12 11:39:40",0000052388-05-000029,"4500 MAIN STREET",816-531-5575
"2024-11-12 11:39:40",0000052388-05-000028,"4500 MAIN STREET",816-531-5575
"2024-11-12 11:39:40",0000052388-05-000027,"4500 MAIN STREET",816-531-5575
"2024-11-12 11:39:40",0000052388-05-000026,"4500 MAIN STREET",816-531-5575
"2024-11-12 11:39:40",0000052388-05-000025,"4500 MAIN STREET",816-531-5575
"2024-11-12 11:39:40",0000052388-05-000024,"4500 MAIN STREET",816-531-5575
"2024-11-12 11:39:40",0000052388-05-000023,"4500 MAIN STREET",816-531-5575
"2024-11-12 11:39:40",0000052388-05-000022,"4500 MAIN STREET",816-531-5575
"2024-11-12 11:39:40",0000052388-05-000020,"4500 MAIN STREET",816-531-5575
"2024-11-12 11:39:40",0000052388-05-000018,"4500 MAIN STREET",816-531-5575
"2024-11-12 11:39:40",0000052388-05-000017,"4500 MAIN STREET",816-531-5575
"2024-11-12 11:39:40",0000052388-05-000015,"4500 MAIN STREET",816-531-5575
"2024-11-12 11:39:40",0000052388-05-000013,"4500 MAIN STREET",816-531-5575
"2024-11-12 11:39:40",0000052388-05-000010,"4500 MAIN STREET",816-531-5575
"2024-11-12 11:39:40",0000052388-05-000008,"4500 MAIN STREET",816-531-5575
"2024-11-12 11:39:40",0000052388-05-000006,"4500 MAIN STREET",816-531-5575
"2024-11-12 11:39:40",0000052388-05-000005,"4500 MAIN STREET",816-531-5575
"2024-11-12 11:39:40",0000052388-05-000003,"4500 MAIN STREET",816-531-5575
"2024-11-12 11:39:40",0000052388-05-000001,"4500 MAIN STREET",816-531-5575
"2024-11-12 11:39:40",0000052388-04-000058,"4500 MAIN STREET",816-531-5575
"2024-11-12 11:39:40",0000052388-04-000056,"4500 MAIN STREET",816-531-5575
"2024-11-12 11:39:40",0000052388-04-000055,"4500 MAIN STREET",816-531-5575
"2024-11-12 11:39:40",0000052388-04-000053,"4500 MAIN STREET",816-531-5575
"2024-11-12 11:39:40",0000052388-04-000052,"4500 MAIN STREET",816-531-5575
"2024-11-12 11:39:40",0000052388-04-000051,"4500 MAIN STREET",816-531-5575
"2024-11-12 11:39:40",0000052388-04-000050,"4500 MAIN STREET",816-531-5575
"2024-11-12 11:39:40",0000052388-04-000049,"4500 MAIN STREET",816-531-5575
"2024-11-12 11:39:40",0000052388-04-000048,"4500 MAIN STREET",816-531-5575
"2024-11-12 11:39:40",0000052388-04-000046,"4500 MAIN STREET",816-531-5575
"2024-11-12 11:39:40",0000052388-04-000044,"4500 MAIN STREET",816-531-5575
"2024-11-12 11:39:40",0000052388-04-000043,"4500 MAIN STREET",816-531-5575
"2024-11-12 11:39:40",0000052388-04-000040,"4500 MAIN STREET",816-531-5575
"2024-11-12 11:39:40",0000052388-04-000039,"4500 MAIN STREET",816-531-5575
"2024-11-12 11:39:40",0000052388-04-000038,"4500 MAIN STREET",816-531-5575
"2024-11-12 11:39:40",0000052388-04-000037,"4500 MAIN STREET",816-531-5575
"2024-11-12 11:39:40",0000052388-04-000036,"4500 MAIN STREET",816-531-5575
"2024-11-12 11:39:40",0000052388-04-000035,"4500 MAIN STREET",816-531-5575
"2024-11-12 11:39:40",0000052388-04-000034,"4500 MAIN STREET",816-531-5575
"2024-11-12 11:39:40",0000052388-04-000033,"4500 MAIN STREET",816-531-5575
"2024-11-12 11:39:40",0000052388-04-000031,"4500 MAIN STREET",816-531-5575
"2024-11-12 11:39:40",0000052388-04-000030,"4500 MAIN STREET",816-531-5575
"2024-11-12 11:39:40",0000052388-04-000029,"4500 MAIN STREET",816-531-5575
"2024-11-12 11:39:40",0000052388-04-000028,"4500 MAIN STREET",816-531-5575
"2024-11-12 11:39:40",0000052388-04-000026,"4500 MAIN STREET",816-531-5575
"2024-11-12 11:39:40",0000052388-04-000025,"4500 MAIN STREET",816-531-5575
"2024-11-12 11:39:40",0000052388-04-000024,"4500 MAIN STREET",816-531-5575
"2024-11-12 11:39:40",0000052388-04-000023,"4500 MAIN STREET",816-531-5575
"2024-11-12 11:39:40",0000052388-04-000022,"4500 MAIN STREET",816-531-5575
"2024-11-12 11:39:40",0000052388-04-000021,"4500 MAIN STREET",816-531-5575
"2024-11-12 11:39:40",0000052388-04-000020,"4500 MAIN STREET",816-531-5575
"2024-11-12 11:39:40",0000052388-04-000019,"4500 MAIN STREET",816-531-5575
"2024-11-12 11:39:40",0000052388-04-000018,"4500 MAIN STREET",816-531-5575
"2024-11-12 11:39:40",0000052388-04-000017,"4500 MAIN STREET",816-531-5575
"2024-11-12 11:39:40",0000052388-04-000016,"4500 MAIN STREET",816-531-5575
"2024-11-12 11:39:40",0000052388-04-000015,"4500 MAIN STREET",816-531-5575
"2024-11-12 11:39:40",0000052388-04-000014,"4500 MAIN STREET",816-531-5575
"2024-11-12 11:39:40",0000052388-04-000013,"4500 MAIN STREET",816-531-5575
"2024-11-12 11:39:40",0000052388-04-000012,"4500 MAIN STREET",816-531-5575
"2024-11-12 11:39:40",0000052388-04-000011,"4500 MAIN STREET",816-531-5575
"2024-11-12 11:39:40",0000052388-04-000010,"4500 MAIN STREET",816-531-5575
"2024-11-12 11:39:40",0000052388-04-000008,"4500 MAIN STREET",816-531-5575
"2024-11-12 11:39:40",0000052388-04-000007,"4500 MAIN STREET",816-531-5575
"2024-11-12 11:39:40",0000052388-04-000006,"4500 MAIN STREET",816-531-5575
"2024-11-12 11:39:40",0000052388-04-000005,"4500 MAIN STREET",816-531-5575
"2024-11-12 11:39:40",0000052388-04-000004,"4500 MAIN STREET",816-531-5575
"2024-11-12 11:39:40",0000052388-04-000002,"4500 MAIN STREET",816-531-5575
"2024-11-12 11:39:40",0000052388-03-000038,"4500 MAIN STREET",816-531-5575
"2024-11-12 11:39:40",0000052388-03-000036,"4500 MAIN STREET",816-531-5575
"2024-11-12 11:39:40",0000052388-03-000034,"4500 MAIN STREET",816-531-5575
"2024-11-12 11:39:40",0000052388-03-000032,"4500 MAIN STREET",816-531-5575
"2024-11-12 11:39:40",0000052388-03-000031,"4500 MAIN STREET",816-531-5575
"2024-11-12 11:39:40",0000052388-03-000030,"4500 MAIN STREET",816-531-5575
"2024-11-12 11:39:40",0000052388-03-000029,"4500 MAIN STREET",816-531-5575
"2024-11-12 11:39:40",0000052388-03-000028,"4500 MAIN STREET",816-531-5575
"2024-11-12 11:39:40",0000052388-03-000027,"4500 MAIN STREET",816-531-5575
"2024-11-12 11:39:40",0000052388-03-000026,"4500 MAIN STREET",816-531-5575
"2024-11-12 11:39:40",0000052388-03-000025,"4500 MAIN STREET",816-531-5575
"2024-11-12 11:39:40",0000052388-03-000024,"4500 MAIN STREET",816-531-5575
"2024-11-12 11:39:40",0000052388-03-000023,"4500 MAIN STREET",816-531-5575
"2024-11-12 11:39:40",0000052388-03-000022,"4500 MAIN STREET",816-531-5575
"2024-11-12 11:39:40",0000052388-03-000021,"4500 MAIN STREET",816-531-5575
"2024-11-12 11:39:40",0000052388-03-000020,"4500 MAIN STREET",816-531-5575
"2024-11-12 11:39:40",0000052388-03-000019,"4500 MAIN STREET",816-531-5575
"2024-11-12 11:39:40",0000052388-03-000018,"4500 MAIN STREET",816-531-5575
"2024-11-12 11:39:40",0000052388-03-000017,"4500 MAIN STREET",816-531-5575
"2024-11-12 11:39:40",0000052388-03-000016,"4500 MAIN STREET",816-531-5575
"2024-11-12 11:39:40",0000052388-03-000015,"4500 MAIN STREET",816-531-5575
"2024-11-12 11:39:40",0000052388-03-000014,"4500 MAIN STREET",816-531-5575
"2024-11-12 11:39:40",0000052388-03-000013,"4500 MAIN STREET",816-531-5575
"2024-11-12 11:39:40",0000052388-03-000012,"4500 MAIN STREET",816-531-5575
"2024-11-12 11:39:40",0000052388-03-000010,"4500 MAIN STREET",816-531-5575
"2024-11-12 11:39:40",0000052388-03-000009,"4500 MAIN STREET",816-531-5575
"2024-11-12 11:39:40",0000052388-03-000008,"4500 MAIN STREET",816-531-5575
"2024-11-12 11:39:40",0000052388-03-000007,"4500 MAIN STREET",816-531-5575
"2024-11-12 11:39:40",0000052388-03-000006,"4500 MAIN STREET",816-531-5575
"2024-11-12 11:39:40",0000052388-03-000005,"4500 MAIN STREET",816-531-5575
"2024-11-12 11:39:40",0000052388-03-000004,"4500 MAIN STREET",816-531-5575
"2024-11-12 11:39:40",0000052388-03-000003,"4500 MAIN STREET",816-531-5575
"2024-11-12 11:39:40",0000052388-03-000002,"4500 MAIN STREET",816-531-5575
"2024-11-12 11:39:40",0000052388-03-000001,"4500 MAIN STREET",816-531-5575
"2024-11-12 11:39:40",0000052388-02-000044,"4500 MAIN STREET",816-531-5575
"2024-11-12 11:39:40",0000052388-02-000043,"4500 MAIN STREET",816-531-5575
"2024-11-12 11:39:40",0000052388-02-000042,"4500 MAIN STREET",816-531-5575
"2024-11-12 11:39:40",0000052388-02-000041,"4500 MAIN STREET",816-531-5575
"2024-11-12 11:39:40",0000052388-02-000040,"4500 MAIN STREET",816-531-5575
"2024-11-12 11:39:40",0000052388-02-000039,"4500 MAIN STREET",816-531-5575
"2024-11-12 11:39:40",9999999997-02-033731,"4500 MAIN STREET",816-531-5575
"2024-11-12 11:39:40",0000052388-02-000038,"4500 MAIN STREET",816-531-5575
"2024-11-12 11:39:40",0000052388-02-000037,"4500 MAIN STREET",816-531-5575
"2024-11-12 11:39:40",9999999997-02-010361,"4500 MAIN STREET",816-531-5575
"2024-11-12 11:39:40",0000052388-02-000034,"4500 MAIN STREET",816-531-5575
"2024-11-12 11:39:40",0000052388-02-000033,"4500 MAIN STREET",816-531-5575
"2024-11-12 11:39:40",0000052388-02-000032,"4500 MAIN STREET",816-531-5575
"2024-11-12 11:39:40",0000052388-02-000031,"4500 MAIN STREET",816-531-5575
"2024-11-12 11:39:40",0000052388-02-000030,"4500 MAIN STREET",816-531-5575
"2024-11-12 11:39:40",0000052388-02-000029,"4500 MAIN STREET",816-531-5575
"2024-11-12 11:39:40",0000052388-02-000028,"4500 MAIN STREET",816-531-5575
"2024-11-12 11:39:40",0000052388-02-000027,"4500 MAIN STREET",816-531-5575
"2024-11-12 11:39:40",0000052388-02-000026,"4500 MAIN STREET",816-531-5575
"2024-11-12 11:39:40",0000052388-02-000025,"4500 MAIN STREET",816-531-5575
"2024-11-12 11:39:40",0000052388-02-000024,"4500 MAIN STREET",816-531-5575
"2024-11-12 11:39:40",0000052388-02-000023,"4500 MAIN STREET",816-531-5575
"2024-11-12 11:39:40",0000052388-02-000022,"4500 MAIN STREET",816-531-5575
"2024-11-12 11:39:40",0000052388-02-000021,"4500 MAIN STREET",816-531-5575
"2024-11-12 11:39:40",0000052388-02-000020,"4500 MAIN STREET",816-531-5575
"2024-11-12 11:39:40",0000052388-02-000019,"4500 MAIN STREET",816-531-5575
"2024-11-12 11:39:40",0000052388-02-000018,"4500 MAIN STREET",816-531-5575
"2024-11-12 11:39:40",0000052388-02-000017,"4500 MAIN STREET",816-531-5575
"2024-11-12 11:39:40",0000052388-02-000016,"4500 MAIN STREET",816-531-5575
"2024-11-12 11:39:40",0000052388-02-000015,"4500 MAIN STREET",816-531-5575
"2024-11-12 11:39:40",0000052388-02-000014,"4500 MAIN STREET",816-531-5575
"2024-11-12 11:39:40",0000052388-02-000013,"4500 MAIN STREET",816-531-5575
"2024-11-12 11:39:40",0000052388-02-000012,"4500 MAIN STREET",816-531-5575
"2024-11-12 11:39:40",0000052388-02-000011,"4500 MAIN STREET",816-531-5575
"2024-11-12 11:39:40",0000052388-02-000010,"4500 MAIN STREET",816-531-5575
"2024-11-12 11:39:40",0000052388-02-000009,"4500 MAIN STREET",816-531-5575
"2024-11-12 11:39:40",0000052388-02-000008,"4500 MAIN STREET",816-531-5575
"2024-11-12 11:39:40",0000052388-02-000007,"4500 MAIN STREET",816-531-5575
"2024-11-12 11:39:40",0000052388-02-000006,"4500 MAIN STREET",816-531-5575
"2024-11-12 11:39:40",0000052388-02-000005,"4500 MAIN STREET",816-531-5575
"2024-11-12 11:39:40",0000052388-02-000004,"4500 MAIN STREET",816-531-5575
"2024-11-12 11:39:40",0000052388-02-000003,"4500 MAIN STREET",816-531-5575
"2024-11-12 11:39:40",0000052388-02-000002,"4500 MAIN STREET",816-531-5575
"2024-11-12 11:39:40",0000052388-02-000001,"4500 MAIN STREET",816-531-5575
"2024-11-12 11:39:40",0000052388-01-500013,"4500 MAIN STREET",816-531-5575
"2024-11-12 11:39:40",0000052388-01-500012,"4500 MAIN STREET",816-531-5575
"2024-11-12 11:39:40",0000052388-01-500009,"4500 MAIN STREET",816-531-5575
"2024-11-12 11:39:40",0000052388-01-500008,"4500 MAIN STREET",816-531-5575
"2024-11-12 11:39:40",0000052388-01-500006,"4500 MAIN STREET",816-531-5575
"2024-11-12 11:39:40",0000052388-01-500004,"4500 MAIN STREET",816-531-5575
"2024-11-12 11:39:40",0000052388-01-000024,"4500 MAIN STREET",816-531-5575
"2024-11-12 11:39:40",0000052388-01-000023,"4500 MAIN STREET",816-531-5575
"2024-11-12 11:39:40",0000052388-01-000022,"4500 MAIN STREET",816-531-5575
"2024-11-12 11:39:40",0000052388-01-000021,"4500 MAIN STREET",816-531-5575
"2024-11-12 11:39:40",0000052388-01-000020,"4500 MAIN STREET",816-531-5575
"2024-11-12 11:39:40",0000052388-01-000019,"4500 MAIN STREET",816-531-5575
"2024-11-12 11:39:40",0000052388-01-000018,"4500 MAIN STREET",816-531-5575
"2024-11-12 11:39:40",0000052388-01-000017,"4500 MAIN STREET",816-531-5575
"2024-11-12 11:39:40",0000052388-01-000016,"4500 MAIN STREET",816-531-5575
"2024-11-12 11:39:40",0000052388-01-000015,"4500 MAIN STREET",816-531-5575
"2024-11-12 11:39:40",0000052388-01-000014,"4500 MAIN STREET",816-531-5575
"2024-11-12 11:39:40",0000052388-01-000013,"4500 MAIN STREET",816-531-5575
"2024-11-12 11:39:40",0000052388-01-000012,"4500 MAIN STREET",816-531-5575
"2024-11-12 11:39:40",0000052388-01-000011,"4500 MAIN STREET",816-531-5575
"2024-11-12 11:39:40",0000052388-01-000010,"4500 MAIN STREET",816-531-5575
"2024-11-12 11:39:40",0000052388-01-000009,"4500 MAIN STREET",816-531-5575
"2024-11-12 11:39:40",0000052388-01-000008,"4500 MAIN STREET",816-531-5575
"2024-11-12 11:39:40",0000052388-01-000007,"4500 MAIN STREET",816-531-5575
"2024-11-12 11:39:40",0000052388-01-000006,"4500 MAIN STREET",816-531-5575
"2024-11-12 11:39:40",0000052388-01-000005,"4500 MAIN STREET",816-531-5575
"2024-11-12 11:39:40",0000052388-01-000004,"4500 MAIN STREET",816-531-5575
"2024-11-12 11:39:40",0000052388-01-000003,"4500 MAIN STREET",816-531-5575
"2024-11-12 11:39:40",0000052388-01-000002,"4500 MAIN STREET",816-531-5575
"2024-11-12 11:39:40",0000052388-00-000029,"4500 MAIN STREET",816-531-5575
"2024-11-12 11:39:40",0000052388-00-000027,"4500 MAIN STREET",816-531-5575
"2024-11-12 11:39:40",0000052388-00-000025,"4500 MAIN STREET",816-531-5575
"2024-11-12 11:39:40",0000052388-00-000022,"4500 MAIN STREET",816-531-5575
"2024-11-12 11:39:40",0000052388-00-000021,"4500 MAIN STREET",816-531-5575
"2024-11-12 11:39:40",0000052388-00-000020,"4500 MAIN STREET",816-531-5575
"2024-11-12 11:39:40",0000052388-00-000019,"4500 MAIN STREET",816-531-5575
"2024-11-12 11:39:40",0000052388-00-000018,"4500 MAIN STREET",816-531-5575
"2024-11-12 11:39:40",0000052388-00-000017,"4500 MAIN STREET",816-531-5575
"2024-11-12 11:39:40",0000052388-00-000016,"4500 MAIN STREET",816-531-5575
"2024-11-12 11:39:40",0000052388-00-000015,"4500 MAIN STREET",816-531-5575
"2024-11-12 11:39:40",0000052388-00-000014,"4500 MAIN STREET",816-531-5575
"2024-11-12 11:39:40",0000052388-00-000013,"4500 MAIN STREET",816-531-5575
"2024-11-12 11:39:40",0000052388-00-000012,"4500 MAIN STREET",816-531-5575
"2024-11-12 11:39:40",0000052388-00-000010,"4500 MAIN STREET",816-531-5575
"2024-11-12 11:39:40",0000052388-00-000009,"4500 MAIN STREET",816-531-5575
"2024-11-12 11:39:40",0000052388-00-000008,"4500 MAIN STREET",816-531-5575
"2024-11-12 11:39:40",0000052388-00-000007,"4500 MAIN STREET",816-531-5575
"2024-11-12 11:39:40",0000052388-00-000006,"4500 MAIN STREET",816-531-5575
"2024-11-12 11:39:40",0000052388-00-000005,"4500 MAIN STREET",816-531-5575
"2024-11-12 11:39:40",0000052388-00-000004,"4500 MAIN STREET",816-531-5575
"2024-11-12 11:39:40",0000052388-00-000003,"4500 MAIN STREET",816-531-5575
"2024-11-12 11:39:40",0000052388-00-000001,"4500 MAIN STREET",816-531-5575
"2024-11-12 11:39:40",0000052388-99-000035,"4500 MAIN STREET",816-531-5575
"2024-11-12 11:39:40",0000052388-99-000034,"4500 MAIN STREET",816-531-5575
"2024-11-12 11:39:40",0000052388-99-000032,"4500 MAIN STREET",816-531-5575
"2024-11-12 11:39:40",0000052388-99-000031,"4500 MAIN STREET",816-531-5575
"2024-11-12 11:39:40",0000052388-99-000030,"4500 MAIN STREET",816-531-5575
"2024-11-12 11:39:40",0000052388-99-000029,"4500 MAIN STREET",816-531-5575
"2024-11-12 11:39:40",0000052388-99-000026,"4500 MAIN STREET",816-531-5575
"2024-11-12 11:39:40",0000052388-99-000025,"4500 MAIN STREET",816-531-5575
"2024-11-12 11:39:40",0000052388-99-000024,"4500 MAIN STREET",816-531-5575
"2024-11-12 11:39:40",0000052388-99-000023,"4500 MAIN STREET",816-531-5575
"2024-11-12 11:39:40",0000052388-99-000022,"4500 MAIN STREET",816-531-5575
"2024-11-12 11:39:40",0000052388-99-000021,"4500 MAIN STREET",816-531-5575
"2024-11-12 11:39:40",0000052388-99-000020,"4500 MAIN STREET",816-531-5575
"2024-11-12 11:39:40",0000052388-99-000019,"4500 MAIN STREET",816-531-5575
"2024-11-12 11:39:40",0000052388-99-000018,"4500 MAIN STREET",816-531-5575
"2024-11-12 11:39:40",0000052388-99-000017,"4500 MAIN STREET",816-531-5575
"2024-11-12 11:39:40",0000052388-99-000016,"4500 MAIN STREET",816-531-5575
"2024-11-12 11:39:40",0000052388-99-000015,"4500 MAIN STREET",816-531-5575
"2024-11-12 11:39:40",0000052388-99-000014,"4500 MAIN STREET",816-531-5575
"2024-11-12 11:39:40",0000052388-99-000013,"4500 MAIN STREET",816-531-5575
"2024-11-12 11:39:40",0000052388-99-000012,"4500 MAIN STREET",816-531-5575
"2024-11-12 11:39:40",0000052388-99-000010,"4500 MAIN STREET",816-531-5575
"2024-11-12 11:39:40",0000052388-99-000009,"4500 MAIN STREET",816-531-5575
"2024-11-12 11:39:40",0000052388-99-000008,"4500 MAIN STREET",816-531-5575
"2024-11-12 11:39:40",0000052388-99-000007,"4500 MAIN STREET",816-531-5575
"2024-11-12 11:39:40",0000052388-99-000006,"4500 MAIN STREET",816-531-5575
"2024-11-08 13:02:22",0001085146-24-005526,"4500 MAIN STREET",816-531-5575
"2024-11-08 13:02:22",0000052388-24-000273,"4500 MAIN STREET",816-531-5575
"2024-11-08 13:02:22",0000052388-24-000271,"4500 MAIN STREET",816-531-5575
"2024-11-08 13:02:22",0000052388-24-000269,"4500 MAIN STREET",816-531-5575
"2024-11-08 13:02:22",0000052388-24-000267,"4500 MAIN STREET",816-531-5575
"2024-11-08 13:02:22",0000052388-24-000265,"4500 MAIN STREET",816-531-5575
"2024-11-08 13:02:22",0000052388-24-000263,"4500 MAIN STREET",816-531-5575
"2024-11-08 13:02:22",0000052388-24-000261,"4500 MAIN STREET",816-531-5575
"2024-11-08 13:02:22",0000052388-24-000259,"4500 MAIN STREET",816-531-5575
"2024-11-08 13:02:22",0000052388-24-000257,"4500 MAIN STREET",816-531-5575
"2024-11-08 13:02:22",0000052388-24-000255,"4500 MAIN STREET",816-531-5575
"2024-11-08 13:02:22",0000052388-24-000253,"4500 MAIN STREET",816-531-5575
"2024-11-08 13:02:22",0000052388-24-000251,"4500 MAIN STREET",816-531-5575
"2024-11-08 13:02:22",0000052388-24-000249,"4500 MAIN STREET",816-531-5575
"2024-11-08 13:02:22",0000052388-24-000247,"4500 MAIN STREET",816-531-5575
"2024-11-08 13:02:22",0000052388-24-000245,"4500 MAIN STREET",816-531-5575
"2024-11-08 13:02:22",0000052388-24-000243,"4500 MAIN STREET",816-531-5575
"2024-11-08 13:02:22",0000052388-24-000241,"4500 MAIN STREET",816-531-5575
"2024-11-08 13:02:22",0000052388-24-000239,"4500 MAIN STREET",816-531-5575
"2024-11-08 13:02:22",0000052388-24-000237,"4500 MAIN STREET",816-531-5575
"2024-11-08 13:02:22",0000052388-24-000235,"4500 MAIN STREET",816-531-5575
"2024-11-08 13:02:22",0000052388-24-000233,"4500 MAIN STREET",816-531-5575
"2024-11-08 13:02:22",0000052388-24-000231,"4500 MAIN STREET",816-531-5575
"2024-11-08 13:02:22",0000052388-24-000229,"4500 MAIN STREET",816-531-5575
"2024-11-08 13:02:22",0000052388-24-000227,"4500 MAIN STREET",816-531-5575
"2024-11-08 13:02:22",0000052388-24-000225,"4500 MAIN STREET",816-531-5575
"2024-11-08 13:02:22",0000052388-24-000223,"4500 MAIN STREET",816-531-5575
"2024-11-08 13:02:22",0000052388-24-000221,"4500 MAIN STREET",816-531-5575
"2024-11-08 13:02:22",0000052388-24-000219,"4500 MAIN STREET",816-531-5575
"2024-11-08 13:02:22",0000052388-24-000217,"4500 MAIN STREET",816-531-5575
"2024-11-08 13:02:22",0000052388-24-000215,"4500 MAIN STREET",816-531-5575
"2024-11-08 13:02:22",0000052388-24-000213,"4500 MAIN STREET",816-531-5575
"2024-11-08 13:02:22",0000052388-24-000211,"4500 MAIN STREET",816-531-5575
"2024-11-08 13:02:22",0000052388-24-000209,"4500 MAIN STREET",816-531-5575
"2024-11-08 13:02:22",0000052388-24-000207,"4500 MAIN STREET",816-531-5575
"2024-11-08 13:02:22",0000052388-24-000205,"4500 MAIN STREET",816-531-5575
"2024-11-08 13:02:22",0000052388-24-000203,"4500 MAIN STREET",816-531-5575
"2024-11-08 13:02:22",0000052388-24-000201,"4500 MAIN STREET",816-531-5575
"2024-11-08 13:02:22",0000052388-24-000148,"4500 MAIN STREET",816-531-5575
"2024-11-08 13:02:22",0001085146-24-003539,"4500 MAIN STREET",816-531-5575
"2024-11-08 13:02:22",0000052388-24-000144,"4500 MAIN STREET",816-531-5575
"2024-11-08 13:02:22",0000052388-24-000139,"4500 MAIN STREET",816-531-5575
"2024-11-08 13:02:22",0001085146-24-002454,"4500 MAIN STREET",816-531-5575
"2024-11-08 13:02:22",0001085146-24-001135,"4500 MAIN STREET",816-531-5575
"2024-11-08 13:02:22",0000052388-24-000133,"4500 MAIN STREET",816-531-5575
"2024-11-08 13:02:22",0000052388-24-000131,"4500 MAIN STREET",816-531-5575
"2024-11-08 13:02:22",0000052388-24-000129,"4500 MAIN STREET",816-531-5575
"2024-11-08 13:02:22",0000052388-24-000127,"4500 MAIN STREET",816-531-5575
"2024-11-08 13:02:22",0000052388-24-000125,"4500 MAIN STREET",816-531-5575
"2024-11-08 13:02:22",0000052388-24-000123,"4500 MAIN STREET",816-531-5575
"2024-11-08 13:02:22",0000052388-24-000121,"4500 MAIN STREET",816-531-5575
"2024-11-08 13:02:22",0000052388-24-000119,"4500 MAIN STREET",816-531-5575
"2024-11-08 13:02:22",0000052388-24-000117,"4500 MAIN STREET",816-531-5575
"2024-11-08 13:02:22",0000052388-24-000115,"4500 MAIN STREET",816-531-5575
"2024-11-08 13:02:22",0000052388-24-000113,"4500 MAIN STREET",816-531-5575
"2024-11-08 13:02:22",0000052388-24-000111,"4500 MAIN STREET",816-531-5575
